CourseCode,CareerPathway,CourseDefinedBy,CourseDescription,CourseGPAApplicability,CourseLevelCharacteristic,CourseTitle,NumberOfParts,AcademicSubject.CodeValue,AcademicSubject.Namespace,OfferedGradeLevel[0].CodeValue,OfferedGradeLevel[0].Namespace,CompetencyLevel.CodeValue,CompetencyLevel.Namespace,CourseIdentificationCode.AssigningOrganizationIdentificationCode,CourseIdentificationCode.IdentificationCode,CourseIdentificationCode.CourseIdentificationSystem.CodeValue,CourseIdentificationCode.CourseIdentificationSystem.Namespace,LearningObjectiveReference.id,LearningObjectiveReference.ref,LearningObjectiveReference.LearningObjectiveIdentity.Objective,LearningStandardReference.id,LearningStandardReference.ref,LearningStandardReference.LearningStandardIdentity.LearningStandardId,MinimumAvailableCredits.CreditConversion,MinimumAvailableCredits.CreditType,MaximumAvailableCredits.CreditConversion,MaximumAvailableCredits.CreditType
ALG-1,,LEA,Algebra I,Applicable,Core Subject,Algebra I,1,Mathematics,http://ed-fi.org/Descriptor/AcademicSubjectDescriptor.xml,Ninth grade,http://ed-fi.org/Descriptor/GradeLevelDescriptor.xml,,,,ALG-1,LEA course code,,,,,,,111.32.NA.A.1.D,,,,
ALG-2,,LEA,Algebra II,Applicable,Core Subject,Algebra II,1,Mathematics,http://ed-fi.org/Descriptor/AcademicSubjectDescriptor.xml,Tenth grade,http://ed-fi.org/Descriptor/GradeLevelDescriptor.xml,,,,ALG-2,LEA course code,,,,,,,111.33.b.2A.2.B,,,,
ART-04,,LEA,"Art, Grade 4",Applicable,Core Subject,"Art, Grade 4",1,Fine and Performing Arts,http://ed-fi.org/Descriptor/AcademicSubjectDescriptor.xml,Fourth grade,http://ed-fi.org/Descriptor/GradeLevelDescriptor.xml,,,,ART-04,LEA course code,,,,,,,,,,,
ART-05,,LEA,"Art, Grade 5",Applicable,Core Subject,"Art, Grade 5",1,Fine and Performing Arts,http://ed-fi.org/Descriptor/AcademicSubjectDescriptor.xml,Fifth grade,http://ed-fi.org/Descriptor/GradeLevelDescriptor.xml,,,,ART-05,LEA course code,,,,,,,,,,,
ART-06,,LEA,"Art, Grade 6",Applicable,Core Subject,"Art, Grade 6",1,Fine and Performing Arts,http://ed-fi.org/Descriptor/AcademicSubjectDescriptor.xml,Sixth grade,http://ed-fi.org/Descriptor/GradeLevelDescriptor.xml,,,,ART-06,LEA course code,,,,,,,,,,,
ART-07,,LEA,"Art, Grade 7",Applicable,Core Subject,"Art, Grade 7",1,Fine and Performing Arts,http://ed-fi.org/Descriptor/AcademicSubjectDescriptor.xml,Seventh grade,http://ed-fi.org/Descriptor/GradeLevelDescriptor.xml,,,,ART-07,LEA course code,,,,,,,,,,,
ART-08,,LEA,"Art, Grade 8",Applicable,Core Subject,"Art, Grade 8",1,Fine and Performing Arts,http://ed-fi.org/Descriptor/AcademicSubjectDescriptor.xml,Eighth grade,http://ed-fi.org/Descriptor/GradeLevelDescriptor.xml,,,,ART-08,LEA course code,,,,,,,,,,,
ART-1,,LEA,Introduction to Art,Applicable,Core Subject,Introduction to Art,1,Fine and Performing Arts,http://ed-fi.org/Descriptor/AcademicSubjectDescriptor.xml,Ninth grade,http://ed-fi.org/Descriptor/GradeLevelDescriptor.xml,,,,ART-1,LEA course code,,,,,,,,,,,
ART-2,,LEA,Intermediate Art,Applicable,Core Subject,Intermediate Art,1,Fine and Performing Arts,http://ed-fi.org/Descriptor/AcademicSubjectDescriptor.xml,Tenth grade,http://ed-fi.org/Descriptor/GradeLevelDescriptor.xml,,,,ART-2,LEA course code,,,,,,,,,,,
ART3-EM,,LEA,Art III Electronic,Applicable,Core Subject,Art III Electronic,1,Career and Technical Education,http://ed-fi.org/Descriptor/AcademicSubjectDescriptor.xml,Eleventh grade,http://ed-fi.org/Descriptor/GradeLevelDescriptor.xml,,,,ART3-EM,LEA course code,,,,,,,,,,,
ART4-EM,,LEA,Art IV Electronic,Applicable,Core Subject,Art IV Electronic,1,Career and Technical Education,http://ed-fi.org/Descriptor/AcademicSubjectDescriptor.xml,Twelfth grade,http://ed-fi.org/Descriptor/GradeLevelDescriptor.xml,,,,ART4-EM,LEA course code,,,,,,,,,,,
BAND-07,,LEA,"Music/Band, Grade 7",Applicable,Core Subject,"Music/Band, Grade 7",1,Fine and Performing Arts,http://ed-fi.org/Descriptor/AcademicSubjectDescriptor.xml,Seventh grade,http://ed-fi.org/Descriptor/GradeLevelDescriptor.xml,,,,BAND-07,LEA course code,,,,,,,,,,,
BAND-08,,LEA,"Music/Band, Grade 8",Applicable,Core Subject,"Music/Band, Grade 8",1,Fine and Performing Arts,http://ed-fi.org/Descriptor/AcademicSubjectDescriptor.xml,Eighth grade,http://ed-fi.org/Descriptor/GradeLevelDescriptor.xml,,,,BAND-08,LEA course code,,,,,,,,,,,
BIO,,LEA,Biology,Applicable,Core Subject,Biology,1,Science,http://ed-fi.org/Descriptor/AcademicSubjectDescriptor.xml,Tenth grade,http://ed-fi.org/Descriptor/GradeLevelDescriptor.xml,,,,BIO,LEA course code,,,,,,,112.34.11.C,,,,
CHEM,,LEA,Chemistry,Applicable,Core Subject,Chemistry,1,Science,http://ed-fi.org/Descriptor/AcademicSubjectDescriptor.xml,Eleventh grade,http://ed-fi.org/Descriptor/GradeLevelDescriptor.xml,,,,CHEM,LEA course code,,,,,,,,,,,
CL-04,,LEA,"Computer Lab, Grade 4",Applicable,Core Subject,"Computer Lab, Grade 4",1,Career and Technical Education,http://ed-fi.org/Descriptor/AcademicSubjectDescriptor.xml,Fourth grade,http://ed-fi.org/Descriptor/GradeLevelDescriptor.xml,,,,CL-04,LEA course code,,,,,,,,,,,
CL-05,,LEA,"Computer Lab, Grade 5",Applicable,Core Subject,"Computer Lab, Grade 5",1,Career and Technical Education,http://ed-fi.org/Descriptor/AcademicSubjectDescriptor.xml,Fifth grade,http://ed-fi.org/Descriptor/GradeLevelDescriptor.xml,,,,CL-05,LEA course code,,,,,,,,,,,
CL-06,,LEA,"Computer Lab, Grade 6",Applicable,Core Subject,"Computer Lab, Grade 6",1,Career and Technical Education,http://ed-fi.org/Descriptor/AcademicSubjectDescriptor.xml,Sixth grade,http://ed-fi.org/Descriptor/GradeLevelDescriptor.xml,,,,CL-06,LEA course code,,,,,,,,,,,
CL-07,,LEA,"Computer Lab, Grade 7",Applicable,Core Subject,"Computer Lab, Grade 7",1,Career and Technical Education,http://ed-fi.org/Descriptor/AcademicSubjectDescriptor.xml,Seventh grade,http://ed-fi.org/Descriptor/GradeLevelDescriptor.xml,,,,CL-07,LEA course code,,,,,,,,,,,
CL-08,,LEA,"Computer Lab, Grade 8",Applicable,Core Subject,"Computer Lab, Grade 8",1,Career and Technical Education,http://ed-fi.org/Descriptor/AcademicSubjectDescriptor.xml,Eighth grade,http://ed-fi.org/Descriptor/GradeLevelDescriptor.xml,,,,CL-08,LEA course code,,,,,,,,,,,
CL-09,,LEA,"Computer Lab, Grade 9",Applicable,Core Subject,"Computer Lab, Grade 9",1,Career and Technical Education,http://ed-fi.org/Descriptor/AcademicSubjectDescriptor.xml,Ninth grade,http://ed-fi.org/Descriptor/GradeLevelDescriptor.xml,,,,CL-09,LEA course code,,,,,,,,,,,
CL-10,,LEA,"Computer Lab, Grade 10",Applicable,Core Subject,"Computer Lab, Grade 10",1,Career and Technical Education,http://ed-fi.org/Descriptor/AcademicSubjectDescriptor.xml,Tenth grade,http://ed-fi.org/Descriptor/GradeLevelDescriptor.xml,,,,CL-10,LEA course code,,,,,,,,,,,
CL-11,,LEA,"Computer Lab, Grade 11",Applicable,Core Subject,"Computer Lab, Grade 11",1,Career and Technical Education,http://ed-fi.org/Descriptor/AcademicSubjectDescriptor.xml,Eleventh grade,http://ed-fi.org/Descriptor/GradeLevelDescriptor.xml,,,,CL-11,LEA course code,,,,,,,,,,,
CL-12,,LEA,"Computer Lab, Grade 12",Applicable,Core Subject,"Computer Lab, Grade 12",1,Career and Technical Education,http://ed-fi.org/Descriptor/AcademicSubjectDescriptor.xml,Twelfth grade,http://ed-fi.org/Descriptor/GradeLevelDescriptor.xml,,,,CL-12,LEA course code,,,,,,,,,,,
CREAT-WR,,LEA,Creative Writing,Applicable,Core Subject,Creative/Imaginative Writing,1,Writing,http://ed-fi.org/Descriptor/AcademicSubjectDescriptor.xml,Eleventh grade,http://ed-fi.org/Descriptor/GradeLevelDescriptor.xml,,,,CREAT-WR,LEA course code,,,,,,,,,,,
ECO-FE,,LEA,Free Enterprise,Applicable,Core Subject,Economics With Free System Emphasis,1,Social Sciences and History,http://ed-fi.org/Descriptor/AcademicSubjectDescriptor.xml,Twelfth grade,http://ed-fi.org/Descriptor/GradeLevelDescriptor.xml,,,,ECO-FE,LEA course code,,,,,,,,,,,
ELA-07,,LEA,"English Language Arts And Reading, Grade 7",Applicable,Core Subject,"English Language Arts And Reading, Grade 7",1,English Language Arts,http://ed-fi.org/Descriptor/AcademicSubjectDescriptor.xml,Seventh grade,http://ed-fi.org/Descriptor/GradeLevelDescriptor.xml,,,,ELA-07,LEA course code,,,,,,,110.19.20.A,,,,
ELA-08,,LEA,"English Language Arts And Reading, Grade 8",Applicable,Core Subject,"English Language Arts And Reading, Grade 8",1,English Language Arts,http://ed-fi.org/Descriptor/AcademicSubjectDescriptor.xml,Eighth grade,http://ed-fi.org/Descriptor/GradeLevelDescriptor.xml,,,,ELA-08,LEA course code,,,,,,,110.20.3.A,,,,
ENG-1,,LEA,English I,Applicable,Core Subject,English I,1,English Language Arts,http://ed-fi.org/Descriptor/AcademicSubjectDescriptor.xml,Ninth grade,http://ed-fi.org/Descriptor/GradeLevelDescriptor.xml,,,,ENG-1,LEA course code,,,,,,,110.31.9.B,,,,
ENG-2,,LEA,English II,Applicable,Core Subject,English II,1,English Language Arts,http://ed-fi.org/Descriptor/AcademicSubjectDescriptor.xml,Tenth grade,http://ed-fi.org/Descriptor/GradeLevelDescriptor.xml,,,,ENG-2,LEA course code,,,,,,,110.32.24.C,,,,
ENG-3,,LEA,English III,Applicable,Core Subject,English III,1,English Language Arts,http://ed-fi.org/Descriptor/AcademicSubjectDescriptor.xml,Eleventh grade,http://ed-fi.org/Descriptor/GradeLevelDescriptor.xml,,,,ENG-3,LEA course code,,,,,,,110.33.5.A,,,,
ENG-4,,LEA,English IV,Applicable,Core Subject,English IV,1,English Language Arts,http://ed-fi.org/Descriptor/AcademicSubjectDescriptor.xml,Twelfth grade,http://ed-fi.org/Descriptor/GradeLevelDescriptor.xml,,,,ENG-4,LEA course code,,,,,,,110.34.24.B,,,,
ENVIRSYS,,LEA,Environmental System,Applicable,Core Subject,Environmental Systems,1,Life and Physical Sciences,http://ed-fi.org/Descriptor/AcademicSubjectDescriptor.xml,Twelfth grade,http://ed-fi.org/Descriptor/GradeLevelDescriptor.xml,,,,ENVIRSYS,LEA course code,,,,,,,,,,,
GEOM,,LEA,Geometry,Applicable,Core Subject,Geometry,1,Mathematics,http://ed-fi.org/Descriptor/AcademicSubjectDescriptor.xml,Eleventh grade,http://ed-fi.org/Descriptor/GradeLevelDescriptor.xml,,,,GEOM,LEA course code,,,,,,,111.34.NA.G.6.A,,,,
GOVT,,LEA,United States Gov,Applicable,Core Subject,United States Government,1,Social Sciences and History,http://ed-fi.org/Descriptor/AcademicSubjectDescriptor.xml,Twelfth grade,http://ed-fi.org/Descriptor/GradeLevelDescriptor.xml,,,,GOVT,LEA course code,,,,,,,,,,,
HIS-07,,LEA,"History, Grade 7",Applicable,Core Subject,"History, Grade 7",1,Social Sciences and History,http://ed-fi.org/Descriptor/AcademicSubjectDescriptor.xml,Seventh grade,http://ed-fi.org/Descriptor/GradeLevelDescriptor.xml,,,,HIS-07,LEA course code,,,,,,,,,,,
HIS-08,,LEA,"History, Grade 8",Applicable,Core Subject,"History, Grade 8",1,Social Sciences and History,http://ed-fi.org/Descriptor/AcademicSubjectDescriptor.xml,Eighth grade,http://ed-fi.org/Descriptor/GradeLevelDescriptor.xml,,,,HIS-08,LEA course code,,,,,,,,,,,
HLTH-07,,LEA,"Health Education, Grade 7",Applicable,Core Subject,"Health Education, Grades 7-8",1,"Physical, Health, and Safety Education",http://ed-fi.org/Descriptor/AcademicSubjectDescriptor.xml,Seventh grade,http://ed-fi.org/Descriptor/GradeLevelDescriptor.xml,,,,HLTH-07,LEA course code,,,,,,,,,,,
HLTH-08,,LEA,"Health Education, Grade 8",Applicable,Core Subject,"Health Education, Grades 7-8",1,"Physical, Health, and Safety Education",http://ed-fi.org/Descriptor/AcademicSubjectDescriptor.xml,Eighth grade,http://ed-fi.org/Descriptor/GradeLevelDescriptor.xml,,,,HLTH-08,LEA course code,,,,,,,,,,,
HLTH-ED,,LEA,Health Education,Applicable,Core Subject,Health Education,1,"Physical, Health, and Safety Education",http://ed-fi.org/Descriptor/AcademicSubjectDescriptor.xml,Ninth grade,http://ed-fi.org/Descriptor/GradeLevelDescriptor.xml,,,,HLTH-ED,LEA course code,,,,,,,,,,,
HUMT,,LEA,Humanities,Applicable,Core Subject,Humanities,1,Life and Physical Sciences,http://ed-fi.org/Descriptor/AcademicSubjectDescriptor.xml,Tenth grade,http://ed-fi.org/Descriptor/GradeLevelDescriptor.xml,,,,HUMT,LEA course code,,,,,,,,,,,
MATH-04,,LEA,"Mathematics, Grade 4",Applicable,Core Subject,"Mathematics, Grade 4",1,Mathematics,http://ed-fi.org/Descriptor/AcademicSubjectDescriptor.xml,Fourth grade,http://ed-fi.org/Descriptor/GradeLevelDescriptor.xml,,,,MATH-04,LEA course code,,,,,,,111.16.4.11.D,,,,
MATH-05,,LEA,"Mathematics, Grade 5",Applicable,Core Subject,"Mathematics, Grade 5",1,Mathematics,http://ed-fi.org/Descriptor/AcademicSubjectDescriptor.xml,Fifth grade,http://ed-fi.org/Descriptor/GradeLevelDescriptor.xml,,,,MATH-05,LEA course code,,,,,,,111.16.4.6.A,,,,
MATH-06,,LEA,"Mathematics, Grade 6",Applicable,Core Subject,"Mathematics, Grade 6",1,Mathematics,http://ed-fi.org/Descriptor/AcademicSubjectDescriptor.xml,Sixth grade,http://ed-fi.org/Descriptor/GradeLevelDescriptor.xml,,,,MATH-06,LEA course code,,,,,,,111.22.NA.6.2.C,,,,
MATH-07,,LEA,"Mathematics, Grade 7",Applicable,Core Subject,"Mathematics, Grade 7",1,Mathematics,http://ed-fi.org/Descriptor/AcademicSubjectDescriptor.xml,Seventh grade,http://ed-fi.org/Descriptor/GradeLevelDescriptor.xml,,,,MATH-07,LEA course code,,,,,,,111.23.NA.7.4.A,,,,
MATH-08,,LEA,"Mathematics, Grade 8",Applicable,Core Subject,"Mathematics, Grade 8",1,Mathematics,http://ed-fi.org/Descriptor/AcademicSubjectDescriptor.xml,Eighth grade,http://ed-fi.org/Descriptor/GradeLevelDescriptor.xml,,,,MATH-08,LEA course code,,,,,,,111.24.NA.8.15.B,,,,
MUS-04,,LEA,"Music, Grade 4",Applicable,Core Subject,"Music, Grade 4",1,Fine and Performing Arts,http://ed-fi.org/Descriptor/AcademicSubjectDescriptor.xml,Fourth grade,http://ed-fi.org/Descriptor/GradeLevelDescriptor.xml,,,,MUS-04,LEA course code,,,,,,,,,,,
MUS-05,,LEA,"Music, Grade 5",Applicable,Core Subject,"Music, Grade 5",1,Fine and Performing Arts,http://ed-fi.org/Descriptor/AcademicSubjectDescriptor.xml,Fifth grade,http://ed-fi.org/Descriptor/GradeLevelDescriptor.xml,,,,MUS-05,LEA course code,,,,,,,,,,,
MUS-06,,LEA,"Music, Grade 6",Applicable,Core Subject,"Music, Grade 6",1,Fine and Performing Arts,http://ed-fi.org/Descriptor/AcademicSubjectDescriptor.xml,Sixth grade,http://ed-fi.org/Descriptor/GradeLevelDescriptor.xml,,,,MUS-06,LEA course code,,,,,,,,,,,
PE-04,,LEA,"Physical Education, Grade 4",Applicable,Core Subject,"Physical Education, Grades 1-6",1,"Physical, Health, and Safety Education",http://ed-fi.org/Descriptor/AcademicSubjectDescriptor.xml,Fourth grade,http://ed-fi.org/Descriptor/GradeLevelDescriptor.xml,,,,PE-04,LEA course code,,,,,,,,,,,
PE-05,,LEA,"Physical Education, Grade 5",Applicable,Core Subject,"Physical Education, Grades 1-6",1,"Physical, Health, and Safety Education",http://ed-fi.org/Descriptor/AcademicSubjectDescriptor.xml,Fifth grade,http://ed-fi.org/Descriptor/GradeLevelDescriptor.xml,,,,PE-05,LEA course code,,,,,,,,,,,
PE-06,,LEA,"Physical Education, Grade 6",Applicable,Core Subject,"Physical Education, Grades 1-6",1,"Physical, Health, and Safety Education",http://ed-fi.org/Descriptor/AcademicSubjectDescriptor.xml,Sixth grade,http://ed-fi.org/Descriptor/GradeLevelDescriptor.xml,,,,PE-06,LEA course code,,,,,,,,,,,
PE-07,,LEA,"Physical Education, Grade 7",Applicable,Core Subject,"Physical Education, Grades 7-8",1,"Physical, Health, and Safety Education",http://ed-fi.org/Descriptor/AcademicSubjectDescriptor.xml,Seventh grade,http://ed-fi.org/Descriptor/GradeLevelDescriptor.xml,,,,PE-07,LEA course code,,,,,,,,,,,
PE-08,,LEA,"Physical Education, Grade 8",Applicable,Core Subject,"Physical Education, Grades 7-8",1,"Physical, Health, and Safety Education",http://ed-fi.org/Descriptor/AcademicSubjectDescriptor.xml,Eighth grade,http://ed-fi.org/Descriptor/GradeLevelDescriptor.xml,,,,PE-08,LEA course code,,,,,,,,,,,
PE-09,,LEA,Physical Education,Applicable,Core Subject,"Physical Education, Grades 9-12",1,"Physical, Health, and Safety Education",http://ed-fi.org/Descriptor/AcademicSubjectDescriptor.xml,Ninth grade,http://ed-fi.org/Descriptor/GradeLevelDescriptor.xml,,,,PE-09,LEA course code,,,,,,,,,,,
PE-10,,LEA,Physical Education,Applicable,Core Subject,"Physical Education, Grades 9-12",1,"Physical, Health, and Safety Education",http://ed-fi.org/Descriptor/AcademicSubjectDescriptor.xml,Tenth grade,http://ed-fi.org/Descriptor/GradeLevelDescriptor.xml,,,,PE-10,LEA course code,,,,,,,,,,,
PE-11,,LEA,Physical Education,Applicable,Core Subject,"Physical Education, Grades 9-12",1,"Physical, Health, and Safety Education",http://ed-fi.org/Descriptor/AcademicSubjectDescriptor.xml,Eleventh grade,http://ed-fi.org/Descriptor/GradeLevelDescriptor.xml,,,,PE-11,LEA course code,,,,,,,,,,,
PE-12,,LEA,Physical Education,Applicable,Core Subject,"Physical Education, Grades 9-12",1,"Physical, Health, and Safety Education",http://ed-fi.org/Descriptor/AcademicSubjectDescriptor.xml,Twelfth grade,http://ed-fi.org/Descriptor/GradeLevelDescriptor.xml,,,,PE-12,LEA course code,,,,,,,,,,,
PHOTJOUR,,LEA,Photojournalism,Applicable,Core Subject,Photojournalism,1,Career and Technical Education,http://ed-fi.org/Descriptor/AcademicSubjectDescriptor.xml,Eleventh grade,http://ed-fi.org/Descriptor/GradeLevelDescriptor.xml,,,,PHOTJOUR,LEA course code,,,,,,,,,,,
PHYSICS,,LEA,Physics,Applicable,Core Subject,Physics,1,Science,http://ed-fi.org/Descriptor/AcademicSubjectDescriptor.xml,Twelfth grade,http://ed-fi.org/Descriptor/GradeLevelDescriptor.xml,,,,PHYSICS,LEA course code,,,,,,,112.39.2.A,,,,
PRE-CALC,,LEA,Precalculus,Applicable,Core Subject,Precalculus,1,Mathematics,http://ed-fi.org/Descriptor/AcademicSubjectDescriptor.xml,Twelfth grade,http://ed-fi.org/Descriptor/GradeLevelDescriptor.xml,,,,PRE-CALC,LEA course code,,,,,,,111.35.NA.P.4.A,,,,
PS-09,,LEA,Physical Science,Applicable,Core Subject,Physical Science,1,Science,http://ed-fi.org/Descriptor/AcademicSubjectDescriptor.xml,Ninth grade,http://ed-fi.org/Descriptor/GradeLevelDescriptor.xml,,,,PS-09,LEA course code,,,,,,,,,,,
PSY-I,,LEA,Introduction to Psychology,Applicable,Core Subject,Introduction to Psychology,1,Social Sciences and History,http://ed-fi.org/Descriptor/AcademicSubjectDescriptor.xml,Ninth grade,http://ed-fi.org/Descriptor/GradeLevelDescriptor.xml,,,,PSY-I,LEA course code,,,,,,,,,,,
READ-04,,LEA,"Reading, Grade 4",Applicable,Core Subject,"Reading, Grade 4",1,Reading,http://ed-fi.org/Descriptor/AcademicSubjectDescriptor.xml,Fourth grade,http://ed-fi.org/Descriptor/GradeLevelDescriptor.xml,,,,READ-04,LEA course code,,,,,,,110.15.24.Ai,,,,
READ-05,,LEA,"Reading, Grade 5",Applicable,Core Subject,"Reading, Grade 5",1,Reading,http://ed-fi.org/Descriptor/AcademicSubjectDescriptor.xml,Fifth grade,http://ed-fi.org/Descriptor/GradeLevelDescriptor.xml,,,,READ-05,LEA course code,,,,,,,110.16.21.Ai,,,,
READ-06,,LEA,"Reading, Grade 6",Applicable,Core Subject,"Reading, Grade 6",1,Reading,http://ed-fi.org/Descriptor/AcademicSubjectDescriptor.xml,Sixth grade,http://ed-fi.org/Descriptor/GradeLevelDescriptor.xml,,,,READ-06,LEA course code,,,,,,,110.18.2.C,,,,
SCI-04,,LEA,"Science, Grade 4",Applicable,Core Subject,"Science, Grade 4",1,Science,http://ed-fi.org/Descriptor/AcademicSubjectDescriptor.xml,Fourth grade,http://ed-fi.org/Descriptor/GradeLevelDescriptor.xml,,,,SCI-04,LEA course code,,,,,,,112.15.7.B,,,,
SCI-05,,LEA,"Science, Grade 5",Applicable,Core Subject,"Science, Grade 5",1,Science,http://ed-fi.org/Descriptor/AcademicSubjectDescriptor.xml,Fifth grade,http://ed-fi.org/Descriptor/GradeLevelDescriptor.xml,,,,SCI-05,LEA course code,,,,,,,112.16.2.A,,,,
SCI-06,,LEA,"Science, Grade 6",Applicable,Core Subject,"Science, Grade 6",1,Science,http://ed-fi.org/Descriptor/AcademicSubjectDescriptor.xml,Sixth grade,http://ed-fi.org/Descriptor/GradeLevelDescriptor.xml,,,,SCI-06,LEA course code,,,,,,,112.18.5.A,,,,
SCI-07,,LEA,"Science, Grade 7",Applicable,Core Subject,"Science, Grade 7",1,Science,http://ed-fi.org/Descriptor/AcademicSubjectDescriptor.xml,Seventh grade,http://ed-fi.org/Descriptor/GradeLevelDescriptor.xml,,,,SCI-07,LEA course code,,,,,,,112.19.1.B,,,,
SCI-08,,LEA,"Science, Grade 8",Applicable,Core Subject,"Science, Grade 8",1,Science,http://ed-fi.org/Descriptor/AcademicSubjectDescriptor.xml,Eighth grade,http://ed-fi.org/Descriptor/GradeLevelDescriptor.xml,,,,SCI-08,LEA course code,,,,,,,112.20.11.B,,,,
SPAN-07,,LEA,"Spanish, Grade 7",Applicable,Core Subject,"Spanish, Grade 7",1,Foreign Language and Literature,http://ed-fi.org/Descriptor/AcademicSubjectDescriptor.xml,Seventh grade,http://ed-fi.org/Descriptor/GradeLevelDescriptor.xml,,,,SPAN-07,LEA course code,,,,,,,,,,,
SPAN-08,,LEA,"Spanish, Grade 8",Applicable,Core Subject,"Spanish, Grade 8",1,Foreign Language and Literature,http://ed-fi.org/Descriptor/AcademicSubjectDescriptor.xml,Eighth grade,http://ed-fi.org/Descriptor/GradeLevelDescriptor.xml,,,,SPAN-08,LEA course code,,,,,,,,,,,
SPAN-1,,LEA,Foreign Language,Applicable,Core Subject,Languages Other Than English Level I,1,Foreign Language and Literature,http://ed-fi.org/Descriptor/AcademicSubjectDescriptor.xml,Tenth grade,http://ed-fi.org/Descriptor/GradeLevelDescriptor.xml,,,,SPAN-1,LEA course code,,,,,,,,,,,
SPAN-2,,LEA,Foreign Language,Applicable,Core Subject,Languages Other Than English Level II,1,Foreign Language and Literature,http://ed-fi.org/Descriptor/AcademicSubjectDescriptor.xml,Eleventh grade,http://ed-fi.org/Descriptor/GradeLevelDescriptor.xml,,,,SPAN-2,LEA course code,,,,,,,,,,,
SPAN-3,,LEA,Foreign Language,Applicable,Core Subject,Languages Other Than English Level III,1,Foreign Language and Literature,http://ed-fi.org/Descriptor/AcademicSubjectDescriptor.xml,Twelfth grade,http://ed-fi.org/Descriptor/GradeLevelDescriptor.xml,,,,SPAN-3,LEA course code,,,,,,,,,,,
SS-04,,LEA,"Social Studies, Grade 4",Applicable,Core Subject,"Social Studies, Grade 4",1,Social Studies,http://ed-fi.org/Descriptor/AcademicSubjectDescriptor.xml,Fourth grade,http://ed-fi.org/Descriptor/GradeLevelDescriptor.xml,,,,SS-04,LEA course code,,,,,,,113.15.17.B,,,,
SS-05,,LEA,"Social Studies, Grade 5",Applicable,Core Subject,"Social Studies, Grade 5",1,Social Studies,http://ed-fi.org/Descriptor/AcademicSubjectDescriptor.xml,Fifth grade,http://ed-fi.org/Descriptor/GradeLevelDescriptor.xml,,,,SS-05,LEA course code,,,,,,,113.16.13.B,,,,
SS-06,,LEA,"Social Studies, Grade 6",Applicable,Core Subject,"Social Studies, Grade 6",1,Social Studies,http://ed-fi.org/Descriptor/AcademicSubjectDescriptor.xml,Sixth grade,http://ed-fi.org/Descriptor/GradeLevelDescriptor.xml,,,,SS-06,LEA course code,,,,,,,113.18.15.B,,,,
SS-07,,LEA,"Social Studies, Grade 7",Applicable,Core Subject,"Social Studies, Grade 7",1,Social Studies,http://ed-fi.org/Descriptor/AcademicSubjectDescriptor.xml,Seventh grade,http://ed-fi.org/Descriptor/GradeLevelDescriptor.xml,,,,SS-07,LEA course code,,,,,,,113.19.19.C,,,,
SS-08,,LEA,"Social Studies, Grade 8",Applicable,Core Subject,"Social Studies, Grade 8",1,Social Studies,http://ed-fi.org/Descriptor/AcademicSubjectDescriptor.xml,Eighth grade,http://ed-fi.org/Descriptor/GradeLevelDescriptor.xml,,,,SS-08,LEA course code,,,,,,,113.20.2.A,,,,
TAMULTIM,,LEA,Multimedia,Applicable,Core Subject,Multimedia,1,Career and Technical Education,http://ed-fi.org/Descriptor/AcademicSubjectDescriptor.xml,Twelfth grade,http://ed-fi.org/Descriptor/GradeLevelDescriptor.xml,,,,TAMULTIM,LEA course code,,,,,,,,,,,
US-HIST,,LEA,US History,Applicable,Core Subject,United States History Since Reconstruction,1,Social Sciences and History,http://ed-fi.org/Descriptor/AcademicSubjectDescriptor.xml,Eleventh grade,http://ed-fi.org/Descriptor/GradeLevelDescriptor.xml,,,,US-HIST,LEA course code,,,,,,,,,,,
WGEO,,LEA,World Geography,Applicable,Core Subject,World Geography Studies,1,Social Studies,http://ed-fi.org/Descriptor/AcademicSubjectDescriptor.xml,Ninth grade,http://ed-fi.org/Descriptor/GradeLevelDescriptor.xml,,,,WGEO,LEA course code,,,,,,,,,,,
W-HIST,,LEA,World History,Applicable,Core Subject,World History Studies,1,Social Sciences and History,http://ed-fi.org/Descriptor/AcademicSubjectDescriptor.xml,Tenth grade,http://ed-fi.org/Descriptor/GradeLevelDescriptor.xml,,,,W-HIST,LEA course code,,,,,,,,,,,
WRI-04,,LEA,"Writing, Grade 4",Applicable,Core Subject,"Writing, Grade 4",1,Writing,http://ed-fi.org/Descriptor/AcademicSubjectDescriptor.xml,Fourth grade,http://ed-fi.org/Descriptor/GradeLevelDescriptor.xml,,,,WRI-04,LEA course code,,,,,,,110.15.24.Ai,,,,
WRI-05,,LEA,"Writing, Grade 5",Applicable,Core Subject,"Writing, Grade 5",1,Writing,http://ed-fi.org/Descriptor/AcademicSubjectDescriptor.xml,Fifth grade,http://ed-fi.org/Descriptor/GradeLevelDescriptor.xml,,,,WRI-05,LEA course code,,,,,,,110.16.21.Ai,,,,
WRI-06,,LEA,"Writing, Grade 6",Applicable,Core Subject,"Writing, Grade 6",1,Writing,http://ed-fi.org/Descriptor/AcademicSubjectDescriptor.xml,Sixth grade,http://ed-fi.org/Descriptor/GradeLevelDescriptor.xml,,,,WRI-06,LEA course code,,,,,,,110.18.2.C,,,,
WS-I,,LEA,Introduction to Woodworking,Applicable,Core Subject,Introduction to Woodworking,1,Career and Technical Education,http://ed-fi.org/Descriptor/AcademicSubjectDescriptor.xml,Ninth grade,http://ed-fi.org/Descriptor/GradeLevelDescriptor.xml,,,,WS-I,LEA course code,,,,,,,,,,,
HON-ALG-1,,LEA,Honors Algebra I,Applicable,Honors,Honors Algebra I,1,Mathematics,http://ed-fi.org/Descriptor/AcademicSubjectDescriptor.xml,Ninth grade,http://ed-fi.org/Descriptor/GradeLevelDescriptor.xml,,,,HON-ALG-1,LEA course code,,,,,,,111.32.NA.A.1.D,,,,
HON-ALG-2,,LEA,Honors Algebra II,Applicable,Honors,Honors Algebra II,1,Mathematics,http://ed-fi.org/Descriptor/AcademicSubjectDescriptor.xml,Tenth grade,http://ed-fi.org/Descriptor/GradeLevelDescriptor.xml,,,,HON-ALG-2,LEA course code,,,,,,,111.33.b.2A.2.B,,,,
HON-BIO,,LEA,Honors Biology,Applicable,Honors,Honors Biology,1,Science,http://ed-fi.org/Descriptor/AcademicSubjectDescriptor.xml,Tenth grade,http://ed-fi.org/Descriptor/GradeLevelDescriptor.xml,,,,HON-BIO,LEA course code,,,,,,,112.34.11.C,,,,
HON-CHEM,,LEA,Honors Chemistry,Applicable,Honors,Honors Chemistry,1,Science,http://ed-fi.org/Descriptor/AcademicSubjectDescriptor.xml,Eleventh grade,http://ed-fi.org/Descriptor/GradeLevelDescriptor.xml,,,,HON-CHEM,LEA course code,,,,,,,,,,,
HON-ENG-1,,LEA,Honors English I,Applicable,Honors,Honors English I,1,English Language Arts,http://ed-fi.org/Descriptor/AcademicSubjectDescriptor.xml,Ninth grade,http://ed-fi.org/Descriptor/GradeLevelDescriptor.xml,,,,HON-ENG-1,LEA course code,,,,,,,110.31.9.B,,,,
HON-ENG-2,,LEA,Honors English II,Applicable,Honors,Honors English II,1,English Language Arts,http://ed-fi.org/Descriptor/AcademicSubjectDescriptor.xml,Tenth grade,http://ed-fi.org/Descriptor/GradeLevelDescriptor.xml,,,,HON-ENG-2,LEA course code,,,,,,,110.32.24.C,,,,
HON-ENG-3,,LEA,Honors English III,Applicable,Honors,Honors English III,1,English Language Arts,http://ed-fi.org/Descriptor/AcademicSubjectDescriptor.xml,Eleventh grade,http://ed-fi.org/Descriptor/GradeLevelDescriptor.xml,,,,HON-ENG-3,LEA course code,,,,,,,110.33.5.A,,,,
HON-ENG-4,,LEA,Honors English IV,Applicable,Honors,Honors English IV,1,English Language Arts,http://ed-fi.org/Descriptor/AcademicSubjectDescriptor.xml,Twelfth grade,http://ed-fi.org/Descriptor/GradeLevelDescriptor.xml,,,,HON-ENG-4,LEA course code,,,,,,,110.34.24.B,,,,
HON-GEOM,,LEA,Honors Geometry,Applicable,Honors,Honors Geometry,1,Mathematics,http://ed-fi.org/Descriptor/AcademicSubjectDescriptor.xml,Eleventh grade,http://ed-fi.org/Descriptor/GradeLevelDescriptor.xml,,,,HON-GEOM,LEA course code,,,,,,,111.34.NA.G.6.A,,,,
HON-GOVT,,LEA,Honors United States Gov,Applicable,Honors,Honors United States Government,1,Social Sciences and History,http://ed-fi.org/Descriptor/AcademicSubjectDescriptor.xml,Twelfth grade,http://ed-fi.org/Descriptor/GradeLevelDescriptor.xml,,,,HON-GOVT,LEA course code,,,,,,,,,,,
HON-PHYSICS,,LEA,Honors Physics,Applicable,Honors,Honors Physics,1,Science,http://ed-fi.org/Descriptor/AcademicSubjectDescriptor.xml,Twelfth grade,http://ed-fi.org/Descriptor/GradeLevelDescriptor.xml,,,,HON-PHYSICS,LEA course code,,,,,,,112.39.2.A,,,,
HON-SPAN-1,,LEA,Honors Foreign Language,Applicable,Honors,Honors Languages Other Than English Level I,1,Foreign Language and Literature,http://ed-fi.org/Descriptor/AcademicSubjectDescriptor.xml,Tenth grade,http://ed-fi.org/Descriptor/GradeLevelDescriptor.xml,,,,HON-SPAN-1,LEA course code,,,,,,,,,,,
HON-SPAN-2,,LEA,Honors Foreign Language,Applicable,Honors,Honors Languages Other Than English Level II,1,Foreign Language and Literature,http://ed-fi.org/Descriptor/AcademicSubjectDescriptor.xml,Eleventh grade,http://ed-fi.org/Descriptor/GradeLevelDescriptor.xml,,,,HON-SPAN-2,LEA course code,,,,,,,,,,,
HON-SPAN-3,,LEA,Honors Foreign Language,Applicable,Honors,Honors Languages Other Than English Level III,1,Foreign Language and Literature,http://ed-fi.org/Descriptor/AcademicSubjectDescriptor.xml,Twelfth grade,http://ed-fi.org/Descriptor/GradeLevelDescriptor.xml,,,,HON-SPAN-3,LEA course code,,,,,,,,,,,
HON-US-HIST,,LEA,Honors US History,Applicable,Honors,Honors US History Since Reconstruction,1,Social Sciences and History,http://ed-fi.org/Descriptor/AcademicSubjectDescriptor.xml,Eleventh grade,http://ed-fi.org/Descriptor/GradeLevelDescriptor.xml,,,,HON-US-HIST,LEA course code,,,,,,,,,,,
HON-WGEO,,LEA,Honors World Geography,Applicable,Honors,Honors World Geography Studies,1,Social Studies,http://ed-fi.org/Descriptor/AcademicSubjectDescriptor.xml,Ninth grade,http://ed-fi.org/Descriptor/GradeLevelDescriptor.xml,,,,HON-WGEO,LEA course code,,,,,,,,,,,
AP-ALG-1,,LEA,AP Algebra I,Applicable,Advanced Placement,AP Algebra I,1,Mathematics,http://ed-fi.org/Descriptor/AcademicSubjectDescriptor.xml,Ninth grade,http://ed-fi.org/Descriptor/GradeLevelDescriptor.xml,,,,AP-ALG-1,LEA course code,,,,,,,111.32.NA.A.1.D,,,,
AP-ALG-2,,LEA,AP Algebra II,Applicable,Advanced Placement,AP Algebra II,1,Mathematics,http://ed-fi.org/Descriptor/AcademicSubjectDescriptor.xml,Tenth grade,http://ed-fi.org/Descriptor/GradeLevelDescriptor.xml,,,,AP-ALG-2,LEA course code,,,,,,,111.33.b.2A.2.B,,,,
AP-BIO,,LEA,AP Biology,Applicable,Advanced Placement,AP Biology,1,Science,http://ed-fi.org/Descriptor/AcademicSubjectDescriptor.xml,Tenth grade,http://ed-fi.org/Descriptor/GradeLevelDescriptor.xml,,,,AP-BIO,LEA course code,,,,,,,112.34.11.C,,,,
AP-CHEM,,LEA,AP Chemistry,Applicable,Advanced Placement,AP Chemistry,1,Science,http://ed-fi.org/Descriptor/AcademicSubjectDescriptor.xml,Eleventh grade,http://ed-fi.org/Descriptor/GradeLevelDescriptor.xml,,,,AP-CHEM,LEA course code,,,,,,,,,,,
AP-ENG-1,,LEA,AP English I,Applicable,Advanced Placement,AP English I,1,English Language Arts,http://ed-fi.org/Descriptor/AcademicSubjectDescriptor.xml,Ninth grade,http://ed-fi.org/Descriptor/GradeLevelDescriptor.xml,,,,AP-ENG-1,LEA course code,,,,,,,110.31.9.B,,,,
AP-ENG-2,,LEA,AP English II,Applicable,Advanced Placement,AP English II,1,English Language Arts,http://ed-fi.org/Descriptor/AcademicSubjectDescriptor.xml,Tenth grade,http://ed-fi.org/Descriptor/GradeLevelDescriptor.xml,,,,AP-ENG-2,LEA course code,,,,,,,110.32.24.C,,,,
AP-ENG-3,,LEA,AP English III,Applicable,Advanced Placement,AP English III,1,English Language Arts,http://ed-fi.org/Descriptor/AcademicSubjectDescriptor.xml,Eleventh grade,http://ed-fi.org/Descriptor/GradeLevelDescriptor.xml,,,,AP-ENG-3,LEA course code,,,,,,,110.33.5.A,,,,
AP-ENG-4,,LEA,AP English IV,Applicable,Advanced Placement,AP English IV,1,English Language Arts,http://ed-fi.org/Descriptor/AcademicSubjectDescriptor.xml,Twelfth grade,http://ed-fi.org/Descriptor/GradeLevelDescriptor.xml,,,,AP-ENG-4,LEA course code,,,,,,,110.34.24.B,,,,
AP-GEOM,,LEA,AP Geometry,Applicable,Advanced Placement,AP Geometry,1,Mathematics,http://ed-fi.org/Descriptor/AcademicSubjectDescriptor.xml,Eleventh grade,http://ed-fi.org/Descriptor/GradeLevelDescriptor.xml,,,,AP-GEOM,LEA course code,,,,,,,111.34.NA.G.6.A,,,,
AP-GOVT,,LEA,AP United States Gov,Applicable,Advanced Placement,AP United States Government,1,Social Sciences and History,http://ed-fi.org/Descriptor/AcademicSubjectDescriptor.xml,Twelfth grade,http://ed-fi.org/Descriptor/GradeLevelDescriptor.xml,,,,AP-GOVT,LEA course code,,,,,,,,,,,
AP-PHYSICS,,LEA,AP Physics,Applicable,Advanced Placement,AP Physics,1,Science,http://ed-fi.org/Descriptor/AcademicSubjectDescriptor.xml,Twelfth grade,http://ed-fi.org/Descriptor/GradeLevelDescriptor.xml,,,,AP-PHYSICS,LEA course code,,,,,,,112.39.2.A,,,,
AP-SPAN-1,,LEA,AP Foreign Language,Applicable,Advanced Placement,AP Languages Other Than English Level I,1,Foreign Language and Literature,http://ed-fi.org/Descriptor/AcademicSubjectDescriptor.xml,Tenth grade,http://ed-fi.org/Descriptor/GradeLevelDescriptor.xml,,,,AP-SPAN-1,LEA course code,,,,,,,,,,,
AP-SPAN-2,,LEA,AP Foreign Language,Applicable,Advanced Placement,AP Languages Other Than English Level II,1,Foreign Language and Literature,http://ed-fi.org/Descriptor/AcademicSubjectDescriptor.xml,Eleventh grade,http://ed-fi.org/Descriptor/GradeLevelDescriptor.xml,,,,AP-SPAN-2,LEA course code,,,,,,,,,,,
AP-SPAN-3,,LEA,AP Foreign Language,Applicable,Advanced Placement,AP Languages Other Than English Level III,1,Foreign Language and Literature,http://ed-fi.org/Descriptor/AcademicSubjectDescriptor.xml,Twelfth grade,http://ed-fi.org/Descriptor/GradeLevelDescriptor.xml,,,,AP-SPAN-3,LEA course code,,,,,,,,,,,
AP-US-HIST,,LEA,AP US History,Applicable,Advanced Placement,AP US History Since Reconstruction,1,Social Sciences and History,http://ed-fi.org/Descriptor/AcademicSubjectDescriptor.xml,Eleventh grade,http://ed-fi.org/Descriptor/GradeLevelDescriptor.xml,,,,AP-US-HIST,LEA course code,,,,,,,,,,,
AP-WGEO,,LEA,AP World Geography,Applicable,Advanced Placement,AP World Geography Studies,1,Social Studies,http://ed-fi.org/Descriptor/AcademicSubjectDescriptor.xml,Ninth grade,http://ed-fi.org/Descriptor/GradeLevelDescriptor.xml,,,,AP-WGEO,LEA course code,,,,,,,,,,,
GAT-ALG-1,,LEA,G&T Algebra I,Applicable,Gifted and Talented,G&T Algebra I,1,Mathematics,http://ed-fi.org/Descriptor/AcademicSubjectDescriptor.xml,Ninth grade,http://ed-fi.org/Descriptor/GradeLevelDescriptor.xml,,,,GAT-ALG-1,LEA course code,,,,,,,111.32.NA.A.1.D,,,,
GAT-ALG-2,,LEA,G&T Algebra II,Applicable,Gifted and Talented,G&T Algebra II,1,Mathematics,http://ed-fi.org/Descriptor/AcademicSubjectDescriptor.xml,Tenth grade,http://ed-fi.org/Descriptor/GradeLevelDescriptor.xml,,,,GAT-ALG-2,LEA course code,,,,,,,111.33.b.2A.2.B,,,,
GAT-ART-1,,LEA,G&T Introduction to Art,Applicable,Gifted and Talented,G&T Introduction to Art,1,Fine and Performing Arts,http://ed-fi.org/Descriptor/AcademicSubjectDescriptor.xml,Ninth grade,http://ed-fi.org/Descriptor/GradeLevelDescriptor.xml,,,,GAT-ART-1,LEA course code,,,,,,,,,,,
GAT-ART-2,,LEA,G&T Intermediate Art,Applicable,Gifted and Talented,G&T Intermediate Art,1,Fine and Performing Arts,http://ed-fi.org/Descriptor/AcademicSubjectDescriptor.xml,Tenth grade,http://ed-fi.org/Descriptor/GradeLevelDescriptor.xml,,,,GAT-ART-2,LEA course code,,,,,,,,,,,
GAT-BIO,,LEA,G&T Biology,Applicable,Gifted and Talented,G&T Biology,1,Science,http://ed-fi.org/Descriptor/AcademicSubjectDescriptor.xml,Tenth grade,http://ed-fi.org/Descriptor/GradeLevelDescriptor.xml,,,,GAT-BIO,LEA course code,,,,,,,112.34.11.C,,,,
GAT-CHEM,,LEA,G&T Chemistry,Applicable,Gifted and Talented,G&T Chemistry,1,Science,http://ed-fi.org/Descriptor/AcademicSubjectDescriptor.xml,Eleventh grade,http://ed-fi.org/Descriptor/GradeLevelDescriptor.xml,,,,GAT-CHEM,LEA course code,,,,,,,,,,,
GAT-CREAT-WR,,LEA,G&T Creative Writing,Applicable,Gifted and Talented,G&T Creative/Imaginative Writing,1,Writing,http://ed-fi.org/Descriptor/AcademicSubjectDescriptor.xml,Eleventh grade,http://ed-fi.org/Descriptor/GradeLevelDescriptor.xml,,,,GAT-CREAT-WR,LEA course code,,,,,,,,,,,
GAT-ENG-1,,LEA,G&T English I,Applicable,Gifted and Talented,G&T English I,1,English Language Arts,http://ed-fi.org/Descriptor/AcademicSubjectDescriptor.xml,Ninth grade,http://ed-fi.org/Descriptor/GradeLevelDescriptor.xml,,,,GAT-ENG-1,LEA course code,,,,,,,110.31.9.B,,,,
GAT-ENG-2,,LEA,G&T English II,Applicable,Gifted and Talented,G&T English II,1,English Language Arts,http://ed-fi.org/Descriptor/AcademicSubjectDescriptor.xml,Tenth grade,http://ed-fi.org/Descriptor/GradeLevelDescriptor.xml,,,,GAT-ENG-2,LEA course code,,,,,,,110.32.24.C,,,,
GAT-GEOM,,LEA,G&T Geometry,Applicable,Gifted and Talented,G&T Geometry,1,Mathematics,http://ed-fi.org/Descriptor/AcademicSubjectDescriptor.xml,Eleventh grade,http://ed-fi.org/Descriptor/GradeLevelDescriptor.xml,,,,GAT-GEOM,LEA course code,,,,,,,111.34.NA.G.6.A,,,,
GAT-GOVT,,LEA,G&T United States Gov,Applicable,Gifted and Talented,G&T United States Government,1,Social Sciences and History,http://ed-fi.org/Descriptor/AcademicSubjectDescriptor.xml,Twelfth grade,http://ed-fi.org/Descriptor/GradeLevelDescriptor.xml,,,,GAT-GOVT,LEA course code,,,,,,,,,,,
GAT-PHYSICS,,LEA,G&T Physics,Applicable,Gifted and Talented,G&T Physics,1,Science,http://ed-fi.org/Descriptor/AcademicSubjectDescriptor.xml,Twelfth grade,http://ed-fi.org/Descriptor/GradeLevelDescriptor.xml,,,,GAT-PHYSICS,LEA course code,,,,,,,112.39.2.A,,,,
GAT-US-HIST,,LEA,G&T US History,Applicable,Gifted and Talented,G&T US History Since Reconstruction,1,Social Sciences and History,http://ed-fi.org/Descriptor/AcademicSubjectDescriptor.xml,Eleventh grade,http://ed-fi.org/Descriptor/GradeLevelDescriptor.xml,,,,GAT-US-HIST,LEA course code,,,,,,,,,,,
GAT-WGEO,,LEA,G&T World Geography,Applicable,Gifted and Talented,G&T World Geography Studies,1,Social Studies,http://ed-fi.org/Descriptor/AcademicSubjectDescriptor.xml,Ninth grade,http://ed-fi.org/Descriptor/GradeLevelDescriptor.xml,,,,GAT-WGEO,LEA course code,,,,,,,,,,,
