id,CourseCode,CareerPathway,CourseDefinedBy,CourseDescription,CourseGPAApplicability,CourseLevelCharacteristic,CourseTitle,NumberOfParts,AcademicSubject,OfferedGradeLevel,CourseIdentificationCode.AssigningOrganizationIdentificationCode,CourseIdentificationCode.IdentificationCode,CourseIdentificationCode.CourseIdentificationSystem,EducationOrganizationReference.id,EducationOrganizationReference.ref,EducationOrganizationReference.EducationOrganizationIdentity.EducationOrganizationId,LearningObjectiveReference.id,LearningObjectiveReference.ref,LearningObjectiveReference.LearningObjectiveIdentity.Objective,LearningStandardReference.id,LearningStandardReference.ref,LearningStandardReference.LearningStandardIdentity.LearningStandardId,MinimumAvailableCredits.CreditConversion,MinimumAvailableCredits.CreditType,MinimumAvailableCredits.Credits1,MaximumAvailableCredits.CreditConversion,MaximumAvailableCredits.CreditType,CompetencyLevel
CRSE_255901001_ALG-1,ALG-1,,,Algebra I,,uri://ed-fi.org/CourseLevelCharacteristicDescriptor#Core Subject,Algebra I,1,uri://ed-fi.org/AcademicSubjectDescriptor#Mathematics,uri://ed-fi.org/GradeLevelDescriptor#Ninth grade,,ALG-1,uri://ed-fi.org/CourseIdentificationSystemDescriptor#LEA course code,,,255901001,,,,,,111.32.NA.A.1.D,,,,,,uri://ed-fi.org/CompetencyLevelDescriptor#Pass
CRSE_255901001_ALG-2,ALG-2,,,Algebra II,,uri://ed-fi.org/CourseLevelCharacteristicDescriptor#Core Subject,Algebra II,1,uri://ed-fi.org/AcademicSubjectDescriptor#Mathematics,uri://ed-fi.org/GradeLevelDescriptor#Tenth grade,,ALG-2,uri://ed-fi.org/CourseIdentificationSystemDescriptor#LEA course code,,,255901001,,,,,,111.33.b.2A.2.B,,,,,,uri://ed-fi.org/CompetencyLevelDescriptor#Pass
CRSE_255901001_ART-1,ART-1,,,Introduction to Art,,uri://ed-fi.org/CourseLevelCharacteristicDescriptor#Core Subject,Introduction to Art,1,uri://ed-fi.org/AcademicSubjectDescriptor#Fine and Performing Arts,uri://ed-fi.org/GradeLevelDescriptor#Ninth grade,,ART-1,uri://ed-fi.org/CourseIdentificationSystemDescriptor#LEA course code,,,255901001,,,,,,,,,,,,uri://ed-fi.org/CompetencyLevelDescriptor#Pass
CRSE_255901001_ART-2,ART-2,,,Intermediate Art,,uri://ed-fi.org/CourseLevelCharacteristicDescriptor#Core Subject,Intermediate Art,1,uri://ed-fi.org/AcademicSubjectDescriptor#Fine and Performing Arts,uri://ed-fi.org/GradeLevelDescriptor#Tenth grade,,ART-2,uri://ed-fi.org/CourseIdentificationSystemDescriptor#LEA course code,,,255901001,,,,,,,,,,,,uri://ed-fi.org/CompetencyLevelDescriptor#Pass
CRSE_255901001_ART3-EM,ART3-EM,,,Art III Electronic,,uri://ed-fi.org/CourseLevelCharacteristicDescriptor#Core Subject,Art III Electronic,1,uri://ed-fi.org/AcademicSubjectDescriptor#Career and Technical Education,uri://ed-fi.org/GradeLevelDescriptor#Eleventh grade,,ART3-EM,uri://ed-fi.org/CourseIdentificationSystemDescriptor#LEA course code,,,255901001,,,,,,,,,,,,uri://ed-fi.org/CompetencyLevelDescriptor#Pass
CRSE_255901001_ART4-EM,ART4-EM,,,Art IV Electronic,,uri://ed-fi.org/CourseLevelCharacteristicDescriptor#Core Subject,Art IV Electronic,1,uri://ed-fi.org/AcademicSubjectDescriptor#Career and Technical Education,uri://ed-fi.org/GradeLevelDescriptor#Twelfth grade,,ART4-EM,uri://ed-fi.org/CourseIdentificationSystemDescriptor#LEA course code,,,255901001,,,,,,,,,,,,uri://ed-fi.org/CompetencyLevelDescriptor#Pass
CRSE_255901001_BIO,BIO,,,Biology,,uri://ed-fi.org/CourseLevelCharacteristicDescriptor#Core Subject,Biology,1,uri://ed-fi.org/AcademicSubjectDescriptor#Science,uri://ed-fi.org/GradeLevelDescriptor#Tenth grade,,BIO,uri://ed-fi.org/CourseIdentificationSystemDescriptor#LEA course code,,,255901001,,,,,,112.34.11.C,,,,,,uri://ed-fi.org/CompetencyLevelDescriptor#Pass
CRSE_255901001_CHEM,CHEM,,,Chemistry,,uri://ed-fi.org/CourseLevelCharacteristicDescriptor#Core Subject,Chemistry,1,uri://ed-fi.org/AcademicSubjectDescriptor#Science,uri://ed-fi.org/GradeLevelDescriptor#Eleventh grade,,CHEM,uri://ed-fi.org/CourseIdentificationSystemDescriptor#LEA course code,,,255901001,,,,,,,,,,,,uri://ed-fi.org/CompetencyLevelDescriptor#Pass
CRSE_255901001_CL-09,CL-09,,,"Computer Lab, Grade 9",,uri://ed-fi.org/CourseLevelCharacteristicDescriptor#Core Subject,"Computer Lab, Grade 9",1,uri://ed-fi.org/AcademicSubjectDescriptor#Career and Technical Education,uri://ed-fi.org/GradeLevelDescriptor#Ninth grade,,CL-09,uri://ed-fi.org/CourseIdentificationSystemDescriptor#LEA course code,,,255901001,,,,,,,,,,,,uri://ed-fi.org/CompetencyLevelDescriptor#Pass
CRSE_255901001_CL-10,CL-10,,,"Computer Lab, Grade 10",,uri://ed-fi.org/CourseLevelCharacteristicDescriptor#Core Subject,"Computer Lab, Grade 10",1,uri://ed-fi.org/AcademicSubjectDescriptor#Career and Technical Education,uri://ed-fi.org/GradeLevelDescriptor#Tenth grade,,CL-10,uri://ed-fi.org/CourseIdentificationSystemDescriptor#LEA course code,,,255901001,,,,,,,,,,,,uri://ed-fi.org/CompetencyLevelDescriptor#Pass
CRSE_255901001_CL-11,CL-11,,,"Computer Lab, Grade 11",,uri://ed-fi.org/CourseLevelCharacteristicDescriptor#Core Subject,"Computer Lab, Grade 11",1,uri://ed-fi.org/AcademicSubjectDescriptor#Career and Technical Education,uri://ed-fi.org/GradeLevelDescriptor#Eleventh grade,,CL-11,uri://ed-fi.org/CourseIdentificationSystemDescriptor#LEA course code,,,255901001,,,,,,,,,,,,uri://ed-fi.org/CompetencyLevelDescriptor#Pass
CRSE_255901001_CL-12,CL-12,,,"Computer Lab, Grade 12",,uri://ed-fi.org/CourseLevelCharacteristicDescriptor#Core Subject,"Computer Lab, Grade 12",1,uri://ed-fi.org/AcademicSubjectDescriptor#Career and Technical Education,uri://ed-fi.org/GradeLevelDescriptor#Twelfth grade,,CL-12,uri://ed-fi.org/CourseIdentificationSystemDescriptor#LEA course code,,,255901001,,,,,,,,,,,,uri://ed-fi.org/CompetencyLevelDescriptor#Pass
CRSE_255901001_CREAT-WR,CREAT-WR,,,Creative Writing,,uri://ed-fi.org/CourseLevelCharacteristicDescriptor#Core Subject,Creative/Imaginative Writing,1,uri://ed-fi.org/AcademicSubjectDescriptor#Writing,uri://ed-fi.org/GradeLevelDescriptor#Eleventh grade,,CREAT-WR,uri://ed-fi.org/CourseIdentificationSystemDescriptor#LEA course code,,,255901001,,,,,,,,,,,,uri://ed-fi.org/CompetencyLevelDescriptor#Pass
CRSE_255901001_ECO-FE,ECO-FE,,,Free Enterprise,,uri://ed-fi.org/CourseLevelCharacteristicDescriptor#Core Subject,Economics With Free System Emphasis,1,uri://ed-fi.org/AcademicSubjectDescriptor#Social Sciences and History,uri://ed-fi.org/GradeLevelDescriptor#Twelfth grade,,ECO-FE,uri://ed-fi.org/CourseIdentificationSystemDescriptor#LEA course code,,,255901001,,,,,,,,,,,,uri://ed-fi.org/CompetencyLevelDescriptor#Pass
CRSE_255901001_ENG-1,ENG-1,,,English I,,uri://ed-fi.org/CourseLevelCharacteristicDescriptor#Core Subject,English I,1,uri://ed-fi.org/AcademicSubjectDescriptor#English Language Arts,uri://ed-fi.org/GradeLevelDescriptor#Ninth grade,,ENG-1,uri://ed-fi.org/CourseIdentificationSystemDescriptor#LEA course code,,,255901001,,,,,,110.31.9.B,,,,,,uri://ed-fi.org/CompetencyLevelDescriptor#Pass
CRSE_255901001_ENG-2,ENG-2,,,English II,,uri://ed-fi.org/CourseLevelCharacteristicDescriptor#Core Subject,English II,1,uri://ed-fi.org/AcademicSubjectDescriptor#English Language Arts,uri://ed-fi.org/GradeLevelDescriptor#Tenth grade,,ENG-2,uri://ed-fi.org/CourseIdentificationSystemDescriptor#LEA course code,,,255901001,,,,,,110.32.24.C,,,,,,uri://ed-fi.org/CompetencyLevelDescriptor#Pass
CRSE_255901001_ENG-3,ENG-3,,,English III,,uri://ed-fi.org/CourseLevelCharacteristicDescriptor#Core Subject,English III,1,uri://ed-fi.org/AcademicSubjectDescriptor#English Language Arts,uri://ed-fi.org/GradeLevelDescriptor#Eleventh grade,,ENG-3,uri://ed-fi.org/CourseIdentificationSystemDescriptor#LEA course code,,,255901001,,,,,,110.33.5.A,,,,,,uri://ed-fi.org/CompetencyLevelDescriptor#Pass
CRSE_255901001_ENG-4,ENG-4,,,English IV,,uri://ed-fi.org/CourseLevelCharacteristicDescriptor#Core Subject,English IV,1,uri://ed-fi.org/AcademicSubjectDescriptor#English Language Arts,uri://ed-fi.org/GradeLevelDescriptor#Twelfth grade,,ENG-4,uri://ed-fi.org/CourseIdentificationSystemDescriptor#LEA course code,,,255901001,,,,,,110.34.24.B,,,,,,uri://ed-fi.org/CompetencyLevelDescriptor#Pass
CRSE_255901001_ENVIRSYS,ENVIRSYS,,,Environmental System,,uri://ed-fi.org/CourseLevelCharacteristicDescriptor#Core Subject,Environmental Systems,1,uri://ed-fi.org/AcademicSubjectDescriptor#Life and Physical Sciences,uri://ed-fi.org/GradeLevelDescriptor#Twelfth grade,,ENVIRSYS,uri://ed-fi.org/CourseIdentificationSystemDescriptor#LEA course code,,,255901001,,,,,,,,,,,,uri://ed-fi.org/CompetencyLevelDescriptor#Pass
CRSE_255901001_GEOM,GEOM,,,Geometry,,uri://ed-fi.org/CourseLevelCharacteristicDescriptor#Core Subject,Geometry,1,uri://ed-fi.org/AcademicSubjectDescriptor#Mathematics,uri://ed-fi.org/GradeLevelDescriptor#Eleventh grade,,GEOM,uri://ed-fi.org/CourseIdentificationSystemDescriptor#LEA course code,,,255901001,,,,,,111.34.NA.G.6.A,,,,,,uri://ed-fi.org/CompetencyLevelDescriptor#Pass
CRSE_255901001_GOVT,GOVT,,,United States Gov,,uri://ed-fi.org/CourseLevelCharacteristicDescriptor#Core Subject,United States Government,1,uri://ed-fi.org/AcademicSubjectDescriptor#Social Sciences and History,uri://ed-fi.org/GradeLevelDescriptor#Twelfth grade,,GOVT,uri://ed-fi.org/CourseIdentificationSystemDescriptor#LEA course code,,,255901001,,,,,,,,,,,,uri://ed-fi.org/CompetencyLevelDescriptor#Pass
CRSE_255901001_HLTH-ED,HLTH-ED,,,Health Education,,uri://ed-fi.org/CourseLevelCharacteristicDescriptor#Core Subject,Health Education,1,"uri://ed-fi.org/AcademicSubjectDescriptor#Physical, Health, and Safety Education",uri://ed-fi.org/GradeLevelDescriptor#Ninth grade,,HLTH-ED,uri://ed-fi.org/CourseIdentificationSystemDescriptor#LEA course code,,,255901001,,,,,,,,,,,,uri://ed-fi.org/CompetencyLevelDescriptor#Pass
CRSE_255901001_HUMT,HUMT,,,Humanities,,uri://ed-fi.org/CourseLevelCharacteristicDescriptor#Core Subject,Humanities,1,uri://ed-fi.org/AcademicSubjectDescriptor#Life and Physical Sciences,uri://ed-fi.org/GradeLevelDescriptor#Tenth grade,,HUMT,uri://ed-fi.org/CourseIdentificationSystemDescriptor#LEA course code,,,255901001,,,,,,,,,,,,uri://ed-fi.org/CompetencyLevelDescriptor#Pass
CRSE_255901001_PE-09,PE-09,,,Physical Education,,uri://ed-fi.org/CourseLevelCharacteristicDescriptor#Core Subject,"Physical Education, Grades 9-12",1,"uri://ed-fi.org/AcademicSubjectDescriptor#Physical, Health, and Safety Education",uri://ed-fi.org/GradeLevelDescriptor#Ninth grade,,PE-09,uri://ed-fi.org/CourseIdentificationSystemDescriptor#LEA course code,,,255901001,,,,,,,,,,,,uri://ed-fi.org/CompetencyLevelDescriptor#Pass
CRSE_255901001_PE-10,PE-10,,,Physical Education,,uri://ed-fi.org/CourseLevelCharacteristicDescriptor#Core Subject,"Physical Education, Grades 9-12",1,"uri://ed-fi.org/AcademicSubjectDescriptor#Physical, Health, and Safety Education",uri://ed-fi.org/GradeLevelDescriptor#Tenth grade,,PE-10,uri://ed-fi.org/CourseIdentificationSystemDescriptor#LEA course code,,,255901001,,,,,,,,,,,,uri://ed-fi.org/CompetencyLevelDescriptor#Pass
CRSE_255901001_PE-11,PE-11,,,Physical Education,,uri://ed-fi.org/CourseLevelCharacteristicDescriptor#Core Subject,"Physical Education, Grades 9-12",1,"uri://ed-fi.org/AcademicSubjectDescriptor#Physical, Health, and Safety Education",uri://ed-fi.org/GradeLevelDescriptor#Eleventh grade,,PE-11,uri://ed-fi.org/CourseIdentificationSystemDescriptor#LEA course code,,,255901001,,,,,,,,,,,,uri://ed-fi.org/CompetencyLevelDescriptor#Pass
CRSE_255901001_PE-12,PE-12,,,Physical Education,,uri://ed-fi.org/CourseLevelCharacteristicDescriptor#Core Subject,"Physical Education, Grades 9-12",1,"uri://ed-fi.org/AcademicSubjectDescriptor#Physical, Health, and Safety Education",uri://ed-fi.org/GradeLevelDescriptor#Twelfth grade,,PE-12,uri://ed-fi.org/CourseIdentificationSystemDescriptor#LEA course code,,,255901001,,,,,,,,,,,,uri://ed-fi.org/CompetencyLevelDescriptor#Pass
CRSE_255901001_PHOTJOUR,PHOTJOUR,,,Photojournalism,,uri://ed-fi.org/CourseLevelCharacteristicDescriptor#Core Subject,Photojournalism,1,uri://ed-fi.org/AcademicSubjectDescriptor#Career and Technical Education,uri://ed-fi.org/GradeLevelDescriptor#Eleventh grade,,PHOTJOUR,uri://ed-fi.org/CourseIdentificationSystemDescriptor#LEA course code,,,255901001,,,,,,,,,,,,uri://ed-fi.org/CompetencyLevelDescriptor#Pass
CRSE_255901001_PHYSICS,PHYSICS,,,Physics,,uri://ed-fi.org/CourseLevelCharacteristicDescriptor#Core Subject,Physics,1,uri://ed-fi.org/AcademicSubjectDescriptor#Science,uri://ed-fi.org/GradeLevelDescriptor#Twelfth grade,,PHYSICS,uri://ed-fi.org/CourseIdentificationSystemDescriptor#LEA course code,,,255901001,,,,,,112.39.2.A,,,,,,uri://ed-fi.org/CompetencyLevelDescriptor#Pass
CRSE_255901001_PRE-CALC,PRE-CALC,,,Precalculus,,uri://ed-fi.org/CourseLevelCharacteristicDescriptor#Core Subject,Precalculus,1,uri://ed-fi.org/AcademicSubjectDescriptor#Mathematics,uri://ed-fi.org/GradeLevelDescriptor#Twelfth grade,,PRE-CALC,uri://ed-fi.org/CourseIdentificationSystemDescriptor#LEA course code,,,255901001,,,,,,111.35.NA.P.4.A,,,,,,uri://ed-fi.org/CompetencyLevelDescriptor#Pass
CRSE_255901001_PS-09,PS-09,,,Physical Science,,uri://ed-fi.org/CourseLevelCharacteristicDescriptor#Core Subject,Physical Science,1,uri://ed-fi.org/AcademicSubjectDescriptor#Science,uri://ed-fi.org/GradeLevelDescriptor#Ninth grade,,PS-09,uri://ed-fi.org/CourseIdentificationSystemDescriptor#LEA course code,,,255901001,,,,,,,,,,,,uri://ed-fi.org/CompetencyLevelDescriptor#Pass
CRSE_255901001_PSY-I,PSY-I,,,Introduction to Psychology,,uri://ed-fi.org/CourseLevelCharacteristicDescriptor#Core Subject,Introduction to Psychology,1,uri://ed-fi.org/AcademicSubjectDescriptor#Social Sciences and History,uri://ed-fi.org/GradeLevelDescriptor#Ninth grade,,PSY-I,uri://ed-fi.org/CourseIdentificationSystemDescriptor#LEA course code,,,255901001,,,,,,,,,,,,uri://ed-fi.org/CompetencyLevelDescriptor#Pass
CRSE_255901001_SPAN-1,SPAN-1,,,Foreign Language,,uri://ed-fi.org/CourseLevelCharacteristicDescriptor#Core Subject,Languages Other Than English Level I,1,uri://ed-fi.org/AcademicSubjectDescriptor#Foreign Language and Literature,uri://ed-fi.org/GradeLevelDescriptor#Tenth grade,,SPAN-1,uri://ed-fi.org/CourseIdentificationSystemDescriptor#LEA course code,,,255901001,,,,,,,,,,,,uri://ed-fi.org/CompetencyLevelDescriptor#Pass
CRSE_255901001_SPAN-2,SPAN-2,,,Foreign Language,,uri://ed-fi.org/CourseLevelCharacteristicDescriptor#Core Subject,Languages Other Than English Level II,1,uri://ed-fi.org/AcademicSubjectDescriptor#Foreign Language and Literature,uri://ed-fi.org/GradeLevelDescriptor#Eleventh grade,,SPAN-2,uri://ed-fi.org/CourseIdentificationSystemDescriptor#LEA course code,,,255901001,,,,,,,,,,,,uri://ed-fi.org/CompetencyLevelDescriptor#Pass
CRSE_255901001_SPAN-3,SPAN-3,,,Foreign Language,,uri://ed-fi.org/CourseLevelCharacteristicDescriptor#Core Subject,Languages Other Than English Level III,1,uri://ed-fi.org/AcademicSubjectDescriptor#Foreign Language and Literature,uri://ed-fi.org/GradeLevelDescriptor#Twelfth grade,,SPAN-3,uri://ed-fi.org/CourseIdentificationSystemDescriptor#LEA course code,,,255901001,,,,,,,,,,,,uri://ed-fi.org/CompetencyLevelDescriptor#Pass
CRSE_255901001_TAMULTIM,TAMULTIM,,,Multimedia,,uri://ed-fi.org/CourseLevelCharacteristicDescriptor#Core Subject,Multimedia,1,uri://ed-fi.org/AcademicSubjectDescriptor#Career and Technical Education,uri://ed-fi.org/GradeLevelDescriptor#Twelfth grade,,TAMULTIM,uri://ed-fi.org/CourseIdentificationSystemDescriptor#LEA course code,,,255901001,,,,,,,,,,,,uri://ed-fi.org/CompetencyLevelDescriptor#Pass
CRSE_255901001_US-HIST,US-HIST,,,US History,,uri://ed-fi.org/CourseLevelCharacteristicDescriptor#Core Subject,United States History Since Reconstruction,1,uri://ed-fi.org/AcademicSubjectDescriptor#Social Sciences and History,uri://ed-fi.org/GradeLevelDescriptor#Eleventh grade,,US-HIST,uri://ed-fi.org/CourseIdentificationSystemDescriptor#LEA course code,,,255901001,,,,,,,,,,,,uri://ed-fi.org/CompetencyLevelDescriptor#Pass
CRSE_255901001_WGEO,WGEO,,,World Geography,,uri://ed-fi.org/CourseLevelCharacteristicDescriptor#Core Subject,World Geography Studies,1,uri://ed-fi.org/AcademicSubjectDescriptor#Social Studies,uri://ed-fi.org/GradeLevelDescriptor#Ninth grade,,WGEO,uri://ed-fi.org/CourseIdentificationSystemDescriptor#LEA course code,,,255901001,,,,,,,,,,,,uri://ed-fi.org/CompetencyLevelDescriptor#Pass
CRSE_255901001_W-HIST,W-HIST,,,World History,,uri://ed-fi.org/CourseLevelCharacteristicDescriptor#Core Subject,World History Studies,1,uri://ed-fi.org/AcademicSubjectDescriptor#Social Sciences and History,uri://ed-fi.org/GradeLevelDescriptor#Tenth grade,,W-HIST,uri://ed-fi.org/CourseIdentificationSystemDescriptor#LEA course code,,,255901001,,,,,,,,,,,,uri://ed-fi.org/CompetencyLevelDescriptor#Pass
CRSE_255901001_WS-I,WS-I,,,Introduction to Woodworking,,uri://ed-fi.org/CourseLevelCharacteristicDescriptor#Core Subject,Introduction to Woodworking,1,uri://ed-fi.org/AcademicSubjectDescriptor#Career and Technical Education,uri://ed-fi.org/GradeLevelDescriptor#Ninth grade,,WS-I,uri://ed-fi.org/CourseIdentificationSystemDescriptor#LEA course code,,,255901001,,,,,,,,,,,,uri://ed-fi.org/CompetencyLevelDescriptor#Pass
CRSE_255901001_HON-ALG-1,HON-ALG-1,,,Honors Algebra I,,uri://ed-fi.org/CourseLevelCharacteristicDescriptor#Honors,Honors Algebra I,1,uri://ed-fi.org/AcademicSubjectDescriptor#Mathematics,uri://ed-fi.org/GradeLevelDescriptor#Ninth grade,,HON-ALG-1,uri://ed-fi.org/CourseIdentificationSystemDescriptor#LEA course code,,,255901001,,,,,,111.32.NA.A.1.D,,,,,,uri://ed-fi.org/CompetencyLevelDescriptor#Pass
CRSE_255901001_HON-ALG-2,HON-ALG-2,,,Honors Algebra II,,uri://ed-fi.org/CourseLevelCharacteristicDescriptor#Honors,Honors Algebra II,1,uri://ed-fi.org/AcademicSubjectDescriptor#Mathematics,uri://ed-fi.org/GradeLevelDescriptor#Tenth grade,,HON-ALG-2,uri://ed-fi.org/CourseIdentificationSystemDescriptor#LEA course code,,,255901001,,,,,,111.33.b.2A.2.B,,,,,,uri://ed-fi.org/CompetencyLevelDescriptor#Pass
CRSE_255901001_HON-BIO,HON-BIO,,,Honors Biology,,uri://ed-fi.org/CourseLevelCharacteristicDescriptor#Honors,Honors Biology,1,uri://ed-fi.org/AcademicSubjectDescriptor#Science,uri://ed-fi.org/GradeLevelDescriptor#Tenth grade,,HON-BIO,uri://ed-fi.org/CourseIdentificationSystemDescriptor#LEA course code,,,255901001,,,,,,112.34.11.C,,,,,,uri://ed-fi.org/CompetencyLevelDescriptor#Pass
CRSE_255901001_HON-CHEM,HON-CHEM,,,Honors Chemistry,,uri://ed-fi.org/CourseLevelCharacteristicDescriptor#Honors,Honors Chemistry,1,uri://ed-fi.org/AcademicSubjectDescriptor#Science,uri://ed-fi.org/GradeLevelDescriptor#Eleventh grade,,HON-CHEM,uri://ed-fi.org/CourseIdentificationSystemDescriptor#LEA course code,,,255901001,,,,,,,,,,,,uri://ed-fi.org/CompetencyLevelDescriptor#Pass
CRSE_255901001_HON-ENG-1,HON-ENG-1,,,Honors English I,,uri://ed-fi.org/CourseLevelCharacteristicDescriptor#Honors,Honors English I,1,uri://ed-fi.org/AcademicSubjectDescriptor#English Language Arts,uri://ed-fi.org/GradeLevelDescriptor#Ninth grade,,HON-ENG-1,uri://ed-fi.org/CourseIdentificationSystemDescriptor#LEA course code,,,255901001,,,,,,110.31.9.B,,,,,,uri://ed-fi.org/CompetencyLevelDescriptor#Pass
CRSE_255901001_HON-ENG-2,HON-ENG-2,,,Honors English II,,uri://ed-fi.org/CourseLevelCharacteristicDescriptor#Honors,Honors English II,1,uri://ed-fi.org/AcademicSubjectDescriptor#English Language Arts,uri://ed-fi.org/GradeLevelDescriptor#Tenth grade,,HON-ENG-2,uri://ed-fi.org/CourseIdentificationSystemDescriptor#LEA course code,,,255901001,,,,,,110.32.24.C,,,,,,uri://ed-fi.org/CompetencyLevelDescriptor#Pass
CRSE_255901001_HON-ENG-3,HON-ENG-3,,,Honors English III,,uri://ed-fi.org/CourseLevelCharacteristicDescriptor#Honors,Honors English III,1,uri://ed-fi.org/AcademicSubjectDescriptor#English Language Arts,uri://ed-fi.org/GradeLevelDescriptor#Eleventh grade,,HON-ENG-3,uri://ed-fi.org/CourseIdentificationSystemDescriptor#LEA course code,,,255901001,,,,,,110.33.5.A,,,,,,uri://ed-fi.org/CompetencyLevelDescriptor#Pass
CRSE_255901001_HON-ENG-4,HON-ENG-4,,,Honors English IV,,uri://ed-fi.org/CourseLevelCharacteristicDescriptor#Honors,Honors English IV,1,uri://ed-fi.org/AcademicSubjectDescriptor#English Language Arts,uri://ed-fi.org/GradeLevelDescriptor#Twelfth grade,,HON-ENG-4,uri://ed-fi.org/CourseIdentificationSystemDescriptor#LEA course code,,,255901001,,,,,,110.34.24.B,,,,,,uri://ed-fi.org/CompetencyLevelDescriptor#Pass
CRSE_255901001_HON-GEOM,HON-GEOM,,,Honors Geometry,,uri://ed-fi.org/CourseLevelCharacteristicDescriptor#Honors,Honors Geometry,1,uri://ed-fi.org/AcademicSubjectDescriptor#Mathematics,uri://ed-fi.org/GradeLevelDescriptor#Eleventh grade,,HON-GEOM,uri://ed-fi.org/CourseIdentificationSystemDescriptor#LEA course code,,,255901001,,,,,,111.34.NA.G.6.A,,,,,,uri://ed-fi.org/CompetencyLevelDescriptor#Pass
CRSE_255901001_HON-GOVT,HON-GOVT,,,Honors United States Gov,,uri://ed-fi.org/CourseLevelCharacteristicDescriptor#Honors,Honors United States Government,1,uri://ed-fi.org/AcademicSubjectDescriptor#Social Sciences and History,uri://ed-fi.org/GradeLevelDescriptor#Twelfth grade,,HON-GOVT,uri://ed-fi.org/CourseIdentificationSystemDescriptor#LEA course code,,,255901001,,,,,,,,,,,,uri://ed-fi.org/CompetencyLevelDescriptor#Pass
CRSE_255901001_HON-PHYSICS,HON-PHYSICS,,,Honors Physics,,uri://ed-fi.org/CourseLevelCharacteristicDescriptor#Honors,Honors Physics,1,uri://ed-fi.org/AcademicSubjectDescriptor#Science,uri://ed-fi.org/GradeLevelDescriptor#Twelfth grade,,HON-PHYSICS,uri://ed-fi.org/CourseIdentificationSystemDescriptor#LEA course code,,,255901001,,,,,,112.39.2.A,,,,,,uri://ed-fi.org/CompetencyLevelDescriptor#Pass
CRSE_255901001_HON-SPAN-1,HON-SPAN-1,,,Honors Foreign Language,,uri://ed-fi.org/CourseLevelCharacteristicDescriptor#Honors,Honors Languages Other Than English Level I,1,uri://ed-fi.org/AcademicSubjectDescriptor#Foreign Language and Literature,uri://ed-fi.org/GradeLevelDescriptor#Tenth grade,,HON-SPAN-1,uri://ed-fi.org/CourseIdentificationSystemDescriptor#LEA course code,,,255901001,,,,,,,,,,,,uri://ed-fi.org/CompetencyLevelDescriptor#Pass
CRSE_255901001_HON-SPAN-2,HON-SPAN-2,,,Honors Foreign Language,,uri://ed-fi.org/CourseLevelCharacteristicDescriptor#Honors,Honors Languages Other Than English Level II,1,uri://ed-fi.org/AcademicSubjectDescriptor#Foreign Language and Literature,uri://ed-fi.org/GradeLevelDescriptor#Eleventh grade,,HON-SPAN-2,uri://ed-fi.org/CourseIdentificationSystemDescriptor#LEA course code,,,255901001,,,,,,,,,,,,uri://ed-fi.org/CompetencyLevelDescriptor#Pass
CRSE_255901001_HON-SPAN-3,HON-SPAN-3,,,Honors Foreign Language,,uri://ed-fi.org/CourseLevelCharacteristicDescriptor#Honors,Honors Languages Other Than English Level III,1,uri://ed-fi.org/AcademicSubjectDescriptor#Foreign Language and Literature,uri://ed-fi.org/GradeLevelDescriptor#Twelfth grade,,HON-SPAN-3,uri://ed-fi.org/CourseIdentificationSystemDescriptor#LEA course code,,,255901001,,,,,,,,,,,,uri://ed-fi.org/CompetencyLevelDescriptor#Pass
CRSE_255901001_HON-US-HIST,HON-US-HIST,,,Honors US History,,uri://ed-fi.org/CourseLevelCharacteristicDescriptor#Honors,Honors US History Since Reconstruction,1,uri://ed-fi.org/AcademicSubjectDescriptor#Social Sciences and History,uri://ed-fi.org/GradeLevelDescriptor#Eleventh grade,,HON-US-HIST,uri://ed-fi.org/CourseIdentificationSystemDescriptor#LEA course code,,,255901001,,,,,,,,,,,,uri://ed-fi.org/CompetencyLevelDescriptor#Pass
CRSE_255901001_HON-WGEO,HON-WGEO,,,Honors World Geography,,uri://ed-fi.org/CourseLevelCharacteristicDescriptor#Honors,Honors World Geography Studies,1,uri://ed-fi.org/AcademicSubjectDescriptor#Social Studies,uri://ed-fi.org/GradeLevelDescriptor#Ninth grade,,HON-WGEO,uri://ed-fi.org/CourseIdentificationSystemDescriptor#LEA course code,,,255901001,,,,,,,,,,,,uri://ed-fi.org/CompetencyLevelDescriptor#Pass
CRSE_255901001_AP-ALG-1,AP-ALG-1,,,AP Algebra I,,uri://ed-fi.org/CourseLevelCharacteristicDescriptor#Advanced Placement,AP Algebra I,1,uri://ed-fi.org/AcademicSubjectDescriptor#Mathematics,uri://ed-fi.org/GradeLevelDescriptor#Ninth grade,,AP-ALG-1,uri://ed-fi.org/CourseIdentificationSystemDescriptor#LEA course code,,,255901001,,,,,,111.32.NA.A.1.D,,,,,,uri://ed-fi.org/CompetencyLevelDescriptor#Pass
CRSE_255901001_AP-ALG-2,AP-ALG-2,,,AP Algebra II,,uri://ed-fi.org/CourseLevelCharacteristicDescriptor#Advanced Placement,AP Algebra II,1,uri://ed-fi.org/AcademicSubjectDescriptor#Mathematics,uri://ed-fi.org/GradeLevelDescriptor#Tenth grade,,AP-ALG-2,uri://ed-fi.org/CourseIdentificationSystemDescriptor#LEA course code,,,255901001,,,,,,111.33.b.2A.2.B,,,,,,uri://ed-fi.org/CompetencyLevelDescriptor#Pass
CRSE_255901001_AP-BIO,AP-BIO,,,AP Biology,,uri://ed-fi.org/CourseLevelCharacteristicDescriptor#Advanced Placement,AP Biology,1,uri://ed-fi.org/AcademicSubjectDescriptor#Science,uri://ed-fi.org/GradeLevelDescriptor#Tenth grade,,AP-BIO,uri://ed-fi.org/CourseIdentificationSystemDescriptor#LEA course code,,,255901001,,,,,,112.34.11.C,,,,,,uri://ed-fi.org/CompetencyLevelDescriptor#Pass
CRSE_255901001_AP-CHEM,AP-CHEM,,,AP Chemistry,,uri://ed-fi.org/CourseLevelCharacteristicDescriptor#Advanced Placement,AP Chemistry,1,uri://ed-fi.org/AcademicSubjectDescriptor#Science,uri://ed-fi.org/GradeLevelDescriptor#Eleventh grade,,AP-CHEM,uri://ed-fi.org/CourseIdentificationSystemDescriptor#LEA course code,,,255901001,,,,,,,,,,,,uri://ed-fi.org/CompetencyLevelDescriptor#Pass
CRSE_255901001_AP-ENG-1,AP-ENG-1,,,AP English I,,uri://ed-fi.org/CourseLevelCharacteristicDescriptor#Advanced Placement,AP English I,1,uri://ed-fi.org/AcademicSubjectDescriptor#English Language Arts,uri://ed-fi.org/GradeLevelDescriptor#Ninth grade,,AP-ENG-1,uri://ed-fi.org/CourseIdentificationSystemDescriptor#LEA course code,,,255901001,,,,,,110.31.9.B,,,,,,uri://ed-fi.org/CompetencyLevelDescriptor#Pass
CRSE_255901001_AP-ENG-2,AP-ENG-2,,,AP English II,,uri://ed-fi.org/CourseLevelCharacteristicDescriptor#Advanced Placement,AP English II,1,uri://ed-fi.org/AcademicSubjectDescriptor#English Language Arts,uri://ed-fi.org/GradeLevelDescriptor#Tenth grade,,AP-ENG-2,uri://ed-fi.org/CourseIdentificationSystemDescriptor#LEA course code,,,255901001,,,,,,110.32.24.C,,,,,,uri://ed-fi.org/CompetencyLevelDescriptor#Pass
CRSE_255901001_AP-ENG-3,AP-ENG-3,,,AP English III,,uri://ed-fi.org/CourseLevelCharacteristicDescriptor#Advanced Placement,AP English III,1,uri://ed-fi.org/AcademicSubjectDescriptor#English Language Arts,uri://ed-fi.org/GradeLevelDescriptor#Eleventh grade,,AP-ENG-3,uri://ed-fi.org/CourseIdentificationSystemDescriptor#LEA course code,,,255901001,,,,,,110.33.5.A,,,,,,uri://ed-fi.org/CompetencyLevelDescriptor#Pass
CRSE_255901001_AP-ENG-4,AP-ENG-4,,,AP English IV,,uri://ed-fi.org/CourseLevelCharacteristicDescriptor#Advanced Placement,AP English IV,1,uri://ed-fi.org/AcademicSubjectDescriptor#English Language Arts,uri://ed-fi.org/GradeLevelDescriptor#Twelfth grade,,AP-ENG-4,uri://ed-fi.org/CourseIdentificationSystemDescriptor#LEA course code,,,255901001,,,,,,110.34.24.B,,,,,,uri://ed-fi.org/CompetencyLevelDescriptor#Pass
CRSE_255901001_AP-GEOM,AP-GEOM,,,AP Geometry,,uri://ed-fi.org/CourseLevelCharacteristicDescriptor#Advanced Placement,AP Geometry,1,uri://ed-fi.org/AcademicSubjectDescriptor#Mathematics,uri://ed-fi.org/GradeLevelDescriptor#Eleventh grade,,AP-GEOM,uri://ed-fi.org/CourseIdentificationSystemDescriptor#LEA course code,,,255901001,,,,,,111.34.NA.G.6.A,,,,,,uri://ed-fi.org/CompetencyLevelDescriptor#Pass
CRSE_255901001_AP-GOVT,AP-GOVT,,,AP United States Gov,,uri://ed-fi.org/CourseLevelCharacteristicDescriptor#Advanced Placement,AP United States Government,1,uri://ed-fi.org/AcademicSubjectDescriptor#Social Sciences and History,uri://ed-fi.org/GradeLevelDescriptor#Twelfth grade,,AP-GOVT,uri://ed-fi.org/CourseIdentificationSystemDescriptor#LEA course code,,,255901001,,,,,,,,,,,,uri://ed-fi.org/CompetencyLevelDescriptor#Pass
CRSE_255901001_AP-PHYSICS,AP-PHYSICS,,,AP Physics,,uri://ed-fi.org/CourseLevelCharacteristicDescriptor#Advanced Placement,AP Physics,1,uri://ed-fi.org/AcademicSubjectDescriptor#Science,uri://ed-fi.org/GradeLevelDescriptor#Twelfth grade,,AP-PHYSICS,uri://ed-fi.org/CourseIdentificationSystemDescriptor#LEA course code,,,255901001,,,,,,112.39.2.A,,,,,,uri://ed-fi.org/CompetencyLevelDescriptor#Pass
CRSE_255901001_AP-SPAN-1,AP-SPAN-1,,,AP Foreign Language,,uri://ed-fi.org/CourseLevelCharacteristicDescriptor#Advanced Placement,AP Languages Other Than English Level I,1,uri://ed-fi.org/AcademicSubjectDescriptor#Foreign Language and Literature,uri://ed-fi.org/GradeLevelDescriptor#Tenth grade,,AP-SPAN-1,uri://ed-fi.org/CourseIdentificationSystemDescriptor#LEA course code,,,255901001,,,,,,,,,,,,uri://ed-fi.org/CompetencyLevelDescriptor#Pass
CRSE_255901001_AP-SPAN-2,AP-SPAN-2,,,AP Foreign Language,,uri://ed-fi.org/CourseLevelCharacteristicDescriptor#Advanced Placement,AP Languages Other Than English Level II,1,uri://ed-fi.org/AcademicSubjectDescriptor#Foreign Language and Literature,uri://ed-fi.org/GradeLevelDescriptor#Eleventh grade,,AP-SPAN-2,uri://ed-fi.org/CourseIdentificationSystemDescriptor#LEA course code,,,255901001,,,,,,,,,,,,uri://ed-fi.org/CompetencyLevelDescriptor#Pass
CRSE_255901001_AP-SPAN-3,AP-SPAN-3,,,AP Foreign Language,,uri://ed-fi.org/CourseLevelCharacteristicDescriptor#Advanced Placement,AP Languages Other Than English Level III,1,uri://ed-fi.org/AcademicSubjectDescriptor#Foreign Language and Literature,uri://ed-fi.org/GradeLevelDescriptor#Twelfth grade,,AP-SPAN-3,uri://ed-fi.org/CourseIdentificationSystemDescriptor#LEA course code,,,255901001,,,,,,,,,,,,uri://ed-fi.org/CompetencyLevelDescriptor#Pass
CRSE_255901001_AP-US-HIST,AP-US-HIST,,,AP US History,,uri://ed-fi.org/CourseLevelCharacteristicDescriptor#Advanced Placement,AP US History Since Reconstruction,1,uri://ed-fi.org/AcademicSubjectDescriptor#Social Sciences and History,uri://ed-fi.org/GradeLevelDescriptor#Eleventh grade,,AP-US-HIST,uri://ed-fi.org/CourseIdentificationSystemDescriptor#LEA course code,,,255901001,,,,,,,,,,,,uri://ed-fi.org/CompetencyLevelDescriptor#Pass
CRSE_255901001_AP-WGEO,AP-WGEO,,,AP World Geography,,uri://ed-fi.org/CourseLevelCharacteristicDescriptor#Advanced Placement,AP World Geography Studies,1,uri://ed-fi.org/AcademicSubjectDescriptor#Social Studies,uri://ed-fi.org/GradeLevelDescriptor#Ninth grade,,AP-WGEO,uri://ed-fi.org/CourseIdentificationSystemDescriptor#LEA course code,,,255901001,,,,,,,,,,,,uri://ed-fi.org/CompetencyLevelDescriptor#Pass
CRSE_255901001_GAT-ALG-1,GAT-ALG-1,,,G&T Algebra I,,uri://ed-fi.org/CourseLevelCharacteristicDescriptor#Gifted and Talented,G&T Algebra I,1,uri://ed-fi.org/AcademicSubjectDescriptor#Mathematics,uri://ed-fi.org/GradeLevelDescriptor#Ninth grade,,GAT-ALG-1,uri://ed-fi.org/CourseIdentificationSystemDescriptor#LEA course code,,,255901001,,,,,,111.32.NA.A.1.D,,,,,,uri://ed-fi.org/CompetencyLevelDescriptor#Pass
CRSE_255901001_GAT-ALG-2,GAT-ALG-2,,,G&T Algebra II,,uri://ed-fi.org/CourseLevelCharacteristicDescriptor#Gifted and Talented,G&T Algebra II,1,uri://ed-fi.org/AcademicSubjectDescriptor#Mathematics,uri://ed-fi.org/GradeLevelDescriptor#Tenth grade,,GAT-ALG-2,uri://ed-fi.org/CourseIdentificationSystemDescriptor#LEA course code,,,255901001,,,,,,111.33.b.2A.2.B,,,,,,uri://ed-fi.org/CompetencyLevelDescriptor#Pass
CRSE_255901001_GAT-ART-1,GAT-ART-1,,,G&T Introduction to Art,,uri://ed-fi.org/CourseLevelCharacteristicDescriptor#Gifted and Talented,G&T Introduction to Art,1,uri://ed-fi.org/AcademicSubjectDescriptor#Fine and Performing Arts,uri://ed-fi.org/GradeLevelDescriptor#Ninth grade,,GAT-ART-1,uri://ed-fi.org/CourseIdentificationSystemDescriptor#LEA course code,,,255901001,,,,,,,,,,,,uri://ed-fi.org/CompetencyLevelDescriptor#Pass
CRSE_255901001_GAT-ART-2,GAT-ART-2,,,G&T Intermediate Art,,uri://ed-fi.org/CourseLevelCharacteristicDescriptor#Gifted and Talented,G&T Intermediate Art,1,uri://ed-fi.org/AcademicSubjectDescriptor#Fine and Performing Arts,uri://ed-fi.org/GradeLevelDescriptor#Tenth grade,,GAT-ART-2,uri://ed-fi.org/CourseIdentificationSystemDescriptor#LEA course code,,,255901001,,,,,,,,,,,,uri://ed-fi.org/CompetencyLevelDescriptor#Pass
CRSE_255901001_GAT-BIO,GAT-BIO,,,G&T Biology,,uri://ed-fi.org/CourseLevelCharacteristicDescriptor#Gifted and Talented,G&T Biology,1,uri://ed-fi.org/AcademicSubjectDescriptor#Science,uri://ed-fi.org/GradeLevelDescriptor#Tenth grade,,GAT-BIO,uri://ed-fi.org/CourseIdentificationSystemDescriptor#LEA course code,,,255901001,,,,,,112.34.11.C,,,,,,uri://ed-fi.org/CompetencyLevelDescriptor#Pass
CRSE_255901001_GAT-CHEM,GAT-CHEM,,,G&T Chemistry,,uri://ed-fi.org/CourseLevelCharacteristicDescriptor#Gifted and Talented,G&T Chemistry,1,uri://ed-fi.org/AcademicSubjectDescriptor#Science,uri://ed-fi.org/GradeLevelDescriptor#Eleventh grade,,GAT-CHEM,uri://ed-fi.org/CourseIdentificationSystemDescriptor#LEA course code,,,255901001,,,,,,,,,,,,uri://ed-fi.org/CompetencyLevelDescriptor#Pass
CRSE_255901001_GAT-CREAT-WR,GAT-CREAT-WR,,,G&T Creative Writing,,uri://ed-fi.org/CourseLevelCharacteristicDescriptor#Gifted and Talented,G&T Creative/Imaginative Writing,1,uri://ed-fi.org/AcademicSubjectDescriptor#Writing,uri://ed-fi.org/GradeLevelDescriptor#Eleventh grade,,GAT-CREAT-WR,uri://ed-fi.org/CourseIdentificationSystemDescriptor#LEA course code,,,255901001,,,,,,,,,,,,uri://ed-fi.org/CompetencyLevelDescriptor#Pass
CRSE_255901001_GAT-ENG-1,GAT-ENG-1,,,G&T English I,,uri://ed-fi.org/CourseLevelCharacteristicDescriptor#Gifted and Talented,G&T English I,1,uri://ed-fi.org/AcademicSubjectDescriptor#English Language Arts,uri://ed-fi.org/GradeLevelDescriptor#Ninth grade,,GAT-ENG-1,uri://ed-fi.org/CourseIdentificationSystemDescriptor#LEA course code,,,255901001,,,,,,110.31.9.B,,,,,,uri://ed-fi.org/CompetencyLevelDescriptor#Pass
CRSE_255901001_GAT-ENG-2,GAT-ENG-2,,,G&T English II,,uri://ed-fi.org/CourseLevelCharacteristicDescriptor#Gifted and Talented,G&T English II,1,uri://ed-fi.org/AcademicSubjectDescriptor#English Language Arts,uri://ed-fi.org/GradeLevelDescriptor#Tenth grade,,GAT-ENG-2,uri://ed-fi.org/CourseIdentificationSystemDescriptor#LEA course code,,,255901001,,,,,,110.32.24.C,,,,,,uri://ed-fi.org/CompetencyLevelDescriptor#Pass
CRSE_255901001_GAT-GEOM,GAT-GEOM,,,G&T Geometry,,uri://ed-fi.org/CourseLevelCharacteristicDescriptor#Gifted and Talented,G&T Geometry,1,uri://ed-fi.org/AcademicSubjectDescriptor#Mathematics,uri://ed-fi.org/GradeLevelDescriptor#Eleventh grade,,GAT-GEOM,uri://ed-fi.org/CourseIdentificationSystemDescriptor#LEA course code,,,255901001,,,,,,111.34.NA.G.6.A,,,,,,uri://ed-fi.org/CompetencyLevelDescriptor#Pass
CRSE_255901001_GAT-GOVT,GAT-GOVT,,,G&T United States Gov,,uri://ed-fi.org/CourseLevelCharacteristicDescriptor#Gifted and Talented,G&T United States Government,1,uri://ed-fi.org/AcademicSubjectDescriptor#Social Sciences and History,uri://ed-fi.org/GradeLevelDescriptor#Twelfth grade,,GAT-GOVT,uri://ed-fi.org/CourseIdentificationSystemDescriptor#LEA course code,,,255901001,,,,,,,,,,,,uri://ed-fi.org/CompetencyLevelDescriptor#Pass
CRSE_255901001_GAT-PHYSICS,GAT-PHYSICS,,,G&T Physics,,uri://ed-fi.org/CourseLevelCharacteristicDescriptor#Gifted and Talented,G&T Physics,1,uri://ed-fi.org/AcademicSubjectDescriptor#Science,uri://ed-fi.org/GradeLevelDescriptor#Twelfth grade,,GAT-PHYSICS,uri://ed-fi.org/CourseIdentificationSystemDescriptor#LEA course code,,,255901001,,,,,,112.39.2.A,,,,,,uri://ed-fi.org/CompetencyLevelDescriptor#Pass
CRSE_255901001_GAT-US-HIST,GAT-US-HIST,,,G&T US History,,uri://ed-fi.org/CourseLevelCharacteristicDescriptor#Gifted and Talented,G&T US History Since Reconstruction,1,uri://ed-fi.org/AcademicSubjectDescriptor#Social Sciences and History,uri://ed-fi.org/GradeLevelDescriptor#Eleventh grade,,GAT-US-HIST,uri://ed-fi.org/CourseIdentificationSystemDescriptor#LEA course code,,,255901001,,,,,,,,,,,,uri://ed-fi.org/CompetencyLevelDescriptor#Pass
CRSE_255901001_GAT-WGEO,GAT-WGEO,,,G&T World Geography,,uri://ed-fi.org/CourseLevelCharacteristicDescriptor#Gifted and Talented,G&T World Geography Studies,1,uri://ed-fi.org/AcademicSubjectDescriptor#Social Studies,uri://ed-fi.org/GradeLevelDescriptor#Ninth grade,,GAT-WGEO,uri://ed-fi.org/CourseIdentificationSystemDescriptor#LEA course code,,,255901001,,,,,,,,,,,,uri://ed-fi.org/CompetencyLevelDescriptor#Pass
CRSE_255901002_ART-07,ART-07,,,"Art, Grade 7",,uri://ed-fi.org/CourseLevelCharacteristicDescriptor#Core Subject,"Art, Grade 7",1,uri://ed-fi.org/AcademicSubjectDescriptor#Fine and Performing Arts,uri://ed-fi.org/GradeLevelDescriptor#Seventh grade,,ART-07,uri://ed-fi.org/CourseIdentificationSystemDescriptor#LEA course code,,,255901002,,,,,,,,,,,,uri://ed-fi.org/CompetencyLevelDescriptor#Pass
CRSE_255901002_ART-08,ART-08,,,"Art, Grade 8",,uri://ed-fi.org/CourseLevelCharacteristicDescriptor#Core Subject,"Art, Grade 8",1,uri://ed-fi.org/AcademicSubjectDescriptor#Fine and Performing Arts,uri://ed-fi.org/GradeLevelDescriptor#Eighth grade,,ART-08,uri://ed-fi.org/CourseIdentificationSystemDescriptor#LEA course code,,,255901002,,,,,,,,,,,,uri://ed-fi.org/CompetencyLevelDescriptor#Pass
CRSE_255901002_BAND-07,BAND-07,,,"Music/Band, Grade 7",,uri://ed-fi.org/CourseLevelCharacteristicDescriptor#Core Subject,"Music/Band, Grade 7",1,uri://ed-fi.org/AcademicSubjectDescriptor#Fine and Performing Arts,uri://ed-fi.org/GradeLevelDescriptor#Seventh grade,,BAND-07,uri://ed-fi.org/CourseIdentificationSystemDescriptor#LEA course code,,,255901002,,,,,,,,,,,,uri://ed-fi.org/CompetencyLevelDescriptor#Pass
CRSE_255901002_BAND-08,BAND-08,,,"Music/Band, Grade 8",,uri://ed-fi.org/CourseLevelCharacteristicDescriptor#Core Subject,"Music/Band, Grade 8",1,uri://ed-fi.org/AcademicSubjectDescriptor#Fine and Performing Arts,uri://ed-fi.org/GradeLevelDescriptor#Eighth grade,,BAND-08,uri://ed-fi.org/CourseIdentificationSystemDescriptor#LEA course code,,,255901002,,,,,,,,,,,,uri://ed-fi.org/CompetencyLevelDescriptor#Pass
CRSE_255901002_CL-07,CL-07,,,"Computer Lab, Grade 7",,uri://ed-fi.org/CourseLevelCharacteristicDescriptor#Core Subject,"Computer Lab, Grade 7",1,uri://ed-fi.org/AcademicSubjectDescriptor#Career and Technical Education,uri://ed-fi.org/GradeLevelDescriptor#Seventh grade,,CL-07,uri://ed-fi.org/CourseIdentificationSystemDescriptor#LEA course code,,,255901002,,,,,,,,,,,,uri://ed-fi.org/CompetencyLevelDescriptor#Pass
CRSE_255901002_CL-08,CL-08,,,"Computer Lab, Grade 8",,uri://ed-fi.org/CourseLevelCharacteristicDescriptor#Core Subject,"Computer Lab, Grade 8",1,uri://ed-fi.org/AcademicSubjectDescriptor#Career and Technical Education,uri://ed-fi.org/GradeLevelDescriptor#Eighth grade,,CL-08,uri://ed-fi.org/CourseIdentificationSystemDescriptor#LEA course code,,,255901002,,,,,,,,,,,,uri://ed-fi.org/CompetencyLevelDescriptor#Pass
CRSE_255901002_ELA-07,ELA-07,,,"English Language Arts And Reading, Grade 7",,uri://ed-fi.org/CourseLevelCharacteristicDescriptor#Core Subject,"English Language Arts And Reading, Grade 7",1,uri://ed-fi.org/AcademicSubjectDescriptor#English Language Arts,uri://ed-fi.org/GradeLevelDescriptor#Seventh grade,,ELA-07,uri://ed-fi.org/CourseIdentificationSystemDescriptor#LEA course code,,,255901002,,,,,,110.19.20.A,,,,,,uri://ed-fi.org/CompetencyLevelDescriptor#Pass
CRSE_255901002_ELA-08,ELA-08,,,"English Language Arts And Reading, Grade 8",,uri://ed-fi.org/CourseLevelCharacteristicDescriptor#Core Subject,"English Language Arts And Reading, Grade 8",1,uri://ed-fi.org/AcademicSubjectDescriptor#English Language Arts,uri://ed-fi.org/GradeLevelDescriptor#Eighth grade,,ELA-08,uri://ed-fi.org/CourseIdentificationSystemDescriptor#LEA course code,,,255901002,,,,,,110.20.3.A,,,,,,uri://ed-fi.org/CompetencyLevelDescriptor#Pass
CRSE_255901002_HIS-07,HIS-07,,,"History, Grade 7",,uri://ed-fi.org/CourseLevelCharacteristicDescriptor#Core Subject,"History, Grade 7",1,uri://ed-fi.org/AcademicSubjectDescriptor#Social Sciences and History,uri://ed-fi.org/GradeLevelDescriptor#Seventh grade,,HIS-07,uri://ed-fi.org/CourseIdentificationSystemDescriptor#LEA course code,,,255901002,,,,,,,,,,,,uri://ed-fi.org/CompetencyLevelDescriptor#Pass
CRSE_255901002_HIS-08,HIS-08,,,"History, Grade 8",,uri://ed-fi.org/CourseLevelCharacteristicDescriptor#Core Subject,"History, Grade 8",1,uri://ed-fi.org/AcademicSubjectDescriptor#Social Sciences and History,uri://ed-fi.org/GradeLevelDescriptor#Eighth grade,,HIS-08,uri://ed-fi.org/CourseIdentificationSystemDescriptor#LEA course code,,,255901002,,,,,,,,,,,,uri://ed-fi.org/CompetencyLevelDescriptor#Pass
CRSE_255901002_HLTH-07,HLTH-07,,,"Health Education, Grade 7",,uri://ed-fi.org/CourseLevelCharacteristicDescriptor#Core Subject,"Health Education, Grades 7-8",1,"uri://ed-fi.org/AcademicSubjectDescriptor#Physical, Health, and Safety Education",uri://ed-fi.org/GradeLevelDescriptor#Seventh grade,,HLTH-07,uri://ed-fi.org/CourseIdentificationSystemDescriptor#LEA course code,,,255901002,,,,,,,,,,,,uri://ed-fi.org/CompetencyLevelDescriptor#Pass
CRSE_255901002_HLTH-08,HLTH-08,,,"Health Education, Grade 8",,uri://ed-fi.org/CourseLevelCharacteristicDescriptor#Core Subject,"Health Education, Grades 7-8",1,"uri://ed-fi.org/AcademicSubjectDescriptor#Physical, Health, and Safety Education",uri://ed-fi.org/GradeLevelDescriptor#Eighth grade,,HLTH-08,uri://ed-fi.org/CourseIdentificationSystemDescriptor#LEA course code,,,255901002,,,,,,,,,,,,uri://ed-fi.org/CompetencyLevelDescriptor#Pass
CRSE_255901002_MATH-07,MATH-07,,,"Mathematics, Grade 7",,uri://ed-fi.org/CourseLevelCharacteristicDescriptor#Core Subject,"Mathematics, Grade 7",1,uri://ed-fi.org/AcademicSubjectDescriptor#Mathematics,uri://ed-fi.org/GradeLevelDescriptor#Seventh grade,,MATH-07,uri://ed-fi.org/CourseIdentificationSystemDescriptor#LEA course code,,,255901002,,,,,,111.23.NA.7.4.A,,,,,,uri://ed-fi.org/CompetencyLevelDescriptor#Pass
CRSE_255901002_MATH-08,MATH-08,,,"Mathematics, Grade 8",,uri://ed-fi.org/CourseLevelCharacteristicDescriptor#Core Subject,"Mathematics, Grade 8",1,uri://ed-fi.org/AcademicSubjectDescriptor#Mathematics,uri://ed-fi.org/GradeLevelDescriptor#Eighth grade,,MATH-08,uri://ed-fi.org/CourseIdentificationSystemDescriptor#LEA course code,,,255901002,,,,,,111.24.NA.8.15.B,,,,,,uri://ed-fi.org/CompetencyLevelDescriptor#Pass
CRSE_255901002_PE-07,PE-07,,,"Physical Education, Grade 7",,uri://ed-fi.org/CourseLevelCharacteristicDescriptor#Core Subject,"Physical Education, Grades 7-8",1,"uri://ed-fi.org/AcademicSubjectDescriptor#Physical, Health, and Safety Education",uri://ed-fi.org/GradeLevelDescriptor#Seventh grade,,PE-07,uri://ed-fi.org/CourseIdentificationSystemDescriptor#LEA course code,,,255901002,,,,,,,,,,,,uri://ed-fi.org/CompetencyLevelDescriptor#Pass
CRSE_255901002_PE-08,PE-08,,,"Physical Education, Grade 8",,uri://ed-fi.org/CourseLevelCharacteristicDescriptor#Core Subject,"Physical Education, Grades 7-8",1,"uri://ed-fi.org/AcademicSubjectDescriptor#Physical, Health, and Safety Education",uri://ed-fi.org/GradeLevelDescriptor#Eighth grade,,PE-08,uri://ed-fi.org/CourseIdentificationSystemDescriptor#LEA course code,,,255901002,,,,,,,,,,,,uri://ed-fi.org/CompetencyLevelDescriptor#Pass
CRSE_255901002_SCI-07,SCI-07,,,"Science, Grade 7",,uri://ed-fi.org/CourseLevelCharacteristicDescriptor#Core Subject,"Science, Grade 7",1,uri://ed-fi.org/AcademicSubjectDescriptor#Science,uri://ed-fi.org/GradeLevelDescriptor#Seventh grade,,SCI-07,uri://ed-fi.org/CourseIdentificationSystemDescriptor#LEA course code,,,255901002,,,,,,112.19.1.B,,,,,,uri://ed-fi.org/CompetencyLevelDescriptor#Pass
CRSE_255901002_SCI-08,SCI-08,,,"Science, Grade 8",,uri://ed-fi.org/CourseLevelCharacteristicDescriptor#Core Subject,"Science, Grade 8",1,uri://ed-fi.org/AcademicSubjectDescriptor#Science,uri://ed-fi.org/GradeLevelDescriptor#Eighth grade,,SCI-08,uri://ed-fi.org/CourseIdentificationSystemDescriptor#LEA course code,,,255901002,,,,,,112.20.11.B,,,,,,uri://ed-fi.org/CompetencyLevelDescriptor#Pass
CRSE_255901002_SPAN-07,SPAN-07,,,"Spanish, Grade 7",,uri://ed-fi.org/CourseLevelCharacteristicDescriptor#Core Subject,"Spanish, Grade 7",1,uri://ed-fi.org/AcademicSubjectDescriptor#Foreign Language and Literature,uri://ed-fi.org/GradeLevelDescriptor#Seventh grade,,SPAN-07,uri://ed-fi.org/CourseIdentificationSystemDescriptor#LEA course code,,,255901002,,,,,,,,,,,,uri://ed-fi.org/CompetencyLevelDescriptor#Pass
CRSE_255901002_SPAN-08,SPAN-08,,,"Spanish, Grade 8",,uri://ed-fi.org/CourseLevelCharacteristicDescriptor#Core Subject,"Spanish, Grade 8",1,uri://ed-fi.org/AcademicSubjectDescriptor#Foreign Language and Literature,uri://ed-fi.org/GradeLevelDescriptor#Eighth grade,,SPAN-08,uri://ed-fi.org/CourseIdentificationSystemDescriptor#LEA course code,,,255901002,,,,,,,,,,,,uri://ed-fi.org/CompetencyLevelDescriptor#Pass
CRSE_255901002_SS-07,SS-07,,,"Social Studies, Grade 7",,uri://ed-fi.org/CourseLevelCharacteristicDescriptor#Core Subject,"Social Studies, Grade 7",1,uri://ed-fi.org/AcademicSubjectDescriptor#Social Studies,uri://ed-fi.org/GradeLevelDescriptor#Seventh grade,,SS-07,uri://ed-fi.org/CourseIdentificationSystemDescriptor#LEA course code,,,255901002,,,,,,113.19.19.C,,,,,,uri://ed-fi.org/CompetencyLevelDescriptor#Pass
CRSE_255901002_SS-08,SS-08,,,"Social Studies, Grade 8",,uri://ed-fi.org/CourseLevelCharacteristicDescriptor#Core Subject,"Social Studies, Grade 8",1,uri://ed-fi.org/AcademicSubjectDescriptor#Social Studies,uri://ed-fi.org/GradeLevelDescriptor#Eighth grade,,SS-08,uri://ed-fi.org/CourseIdentificationSystemDescriptor#LEA course code,,,255901002,,,,,,113.20.2.A,,,,,,uri://ed-fi.org/CompetencyLevelDescriptor#Pass
CRSE_255901003_ART-07,ART-07,,,"Art, Grade 7",,uri://ed-fi.org/CourseLevelCharacteristicDescriptor#Core Subject,"Art, Grade 7",1,uri://ed-fi.org/AcademicSubjectDescriptor#Fine and Performing Arts,uri://ed-fi.org/GradeLevelDescriptor#Seventh grade,,ART-07,uri://ed-fi.org/CourseIdentificationSystemDescriptor#LEA course code,,,255901003,,,,,,,,,,,,uri://ed-fi.org/CompetencyLevelDescriptor#Pass
CRSE_255901003_ART-08,ART-08,,,"Art, Grade 8",,uri://ed-fi.org/CourseLevelCharacteristicDescriptor#Core Subject,"Art, Grade 8",1,uri://ed-fi.org/AcademicSubjectDescriptor#Fine and Performing Arts,uri://ed-fi.org/GradeLevelDescriptor#Eighth grade,,ART-08,uri://ed-fi.org/CourseIdentificationSystemDescriptor#LEA course code,,,255901003,,,,,,,,,,,,uri://ed-fi.org/CompetencyLevelDescriptor#Pass
CRSE_255901003_BAND-07,BAND-07,,,"Music/Band, Grade 7",,uri://ed-fi.org/CourseLevelCharacteristicDescriptor#Core Subject,"Music/Band, Grade 7",1,uri://ed-fi.org/AcademicSubjectDescriptor#Fine and Performing Arts,uri://ed-fi.org/GradeLevelDescriptor#Seventh grade,,BAND-07,uri://ed-fi.org/CourseIdentificationSystemDescriptor#LEA course code,,,255901003,,,,,,,,,,,,uri://ed-fi.org/CompetencyLevelDescriptor#Pass
CRSE_255901003_BAND-08,BAND-08,,,"Music/Band, Grade 8",,uri://ed-fi.org/CourseLevelCharacteristicDescriptor#Core Subject,"Music/Band, Grade 8",1,uri://ed-fi.org/AcademicSubjectDescriptor#Fine and Performing Arts,uri://ed-fi.org/GradeLevelDescriptor#Eighth grade,,BAND-08,uri://ed-fi.org/CourseIdentificationSystemDescriptor#LEA course code,,,255901003,,,,,,,,,,,,uri://ed-fi.org/CompetencyLevelDescriptor#Pass
CRSE_255901003_CL-07,CL-07,,,"Computer Lab, Grade 7",,uri://ed-fi.org/CourseLevelCharacteristicDescriptor#Core Subject,"Computer Lab, Grade 7",1,uri://ed-fi.org/AcademicSubjectDescriptor#Career and Technical Education,uri://ed-fi.org/GradeLevelDescriptor#Seventh grade,,CL-07,uri://ed-fi.org/CourseIdentificationSystemDescriptor#LEA course code,,,255901003,,,,,,,,,,,,uri://ed-fi.org/CompetencyLevelDescriptor#Pass
CRSE_255901003_CL-08,CL-08,,,"Computer Lab, Grade 8",,uri://ed-fi.org/CourseLevelCharacteristicDescriptor#Core Subject,"Computer Lab, Grade 8",1,uri://ed-fi.org/AcademicSubjectDescriptor#Career and Technical Education,uri://ed-fi.org/GradeLevelDescriptor#Eighth grade,,CL-08,uri://ed-fi.org/CourseIdentificationSystemDescriptor#LEA course code,,,255901003,,,,,,,,,,,,uri://ed-fi.org/CompetencyLevelDescriptor#Pass
CRSE_255901003_ELA-07,ELA-07,,,"English Language Arts And Reading, Grade 7",,uri://ed-fi.org/CourseLevelCharacteristicDescriptor#Core Subject,"English Language Arts And Reading, Grade 7",1,uri://ed-fi.org/AcademicSubjectDescriptor#English Language Arts,uri://ed-fi.org/GradeLevelDescriptor#Seventh grade,,ELA-07,uri://ed-fi.org/CourseIdentificationSystemDescriptor#LEA course code,,,255901003,,,,,,110.19.20.A,,,,,,uri://ed-fi.org/CompetencyLevelDescriptor#Pass
CRSE_255901003_ELA-08,ELA-08,,,"English Language Arts And Reading, Grade 8",,uri://ed-fi.org/CourseLevelCharacteristicDescriptor#Core Subject,"English Language Arts And Reading, Grade 8",1,uri://ed-fi.org/AcademicSubjectDescriptor#English Language Arts,uri://ed-fi.org/GradeLevelDescriptor#Eighth grade,,ELA-08,uri://ed-fi.org/CourseIdentificationSystemDescriptor#LEA course code,,,255901003,,,,,,110.20.3.A,,,,,,uri://ed-fi.org/CompetencyLevelDescriptor#Pass
CRSE_255901003_HIS-07,HIS-07,,,"History, Grade 7",,uri://ed-fi.org/CourseLevelCharacteristicDescriptor#Core Subject,"History, Grade 7",1,uri://ed-fi.org/AcademicSubjectDescriptor#Social Sciences and History,uri://ed-fi.org/GradeLevelDescriptor#Seventh grade,,HIS-07,uri://ed-fi.org/CourseIdentificationSystemDescriptor#LEA course code,,,255901003,,,,,,,,,,,,uri://ed-fi.org/CompetencyLevelDescriptor#Pass
CRSE_255901003_HIS-08,HIS-08,,,"History, Grade 8",,uri://ed-fi.org/CourseLevelCharacteristicDescriptor#Core Subject,"History, Grade 8",1,uri://ed-fi.org/AcademicSubjectDescriptor#Social Sciences and History,uri://ed-fi.org/GradeLevelDescriptor#Eighth grade,,HIS-08,uri://ed-fi.org/CourseIdentificationSystemDescriptor#LEA course code,,,255901003,,,,,,,,,,,,uri://ed-fi.org/CompetencyLevelDescriptor#Pass
CRSE_255901003_HLTH-07,HLTH-07,,,"Health Education, Grade 7",,uri://ed-fi.org/CourseLevelCharacteristicDescriptor#Core Subject,"Health Education, Grades 7-8",1,"uri://ed-fi.org/AcademicSubjectDescriptor#Physical, Health, and Safety Education",uri://ed-fi.org/GradeLevelDescriptor#Seventh grade,,HLTH-07,uri://ed-fi.org/CourseIdentificationSystemDescriptor#LEA course code,,,255901003,,,,,,,,,,,,uri://ed-fi.org/CompetencyLevelDescriptor#Pass
CRSE_255901003_HLTH-08,HLTH-08,,,"Health Education, Grade 8",,uri://ed-fi.org/CourseLevelCharacteristicDescriptor#Core Subject,"Health Education, Grades 7-8",1,"uri://ed-fi.org/AcademicSubjectDescriptor#Physical, Health, and Safety Education",uri://ed-fi.org/GradeLevelDescriptor#Eighth grade,,HLTH-08,uri://ed-fi.org/CourseIdentificationSystemDescriptor#LEA course code,,,255901003,,,,,,,,,,,,uri://ed-fi.org/CompetencyLevelDescriptor#Pass
CRSE_255901003_MATH-07,MATH-07,,,"Mathematics, Grade 7",,uri://ed-fi.org/CourseLevelCharacteristicDescriptor#Core Subject,"Mathematics, Grade 7",1,uri://ed-fi.org/AcademicSubjectDescriptor#Mathematics,uri://ed-fi.org/GradeLevelDescriptor#Seventh grade,,MATH-07,uri://ed-fi.org/CourseIdentificationSystemDescriptor#LEA course code,,,255901003,,,,,,111.23.NA.7.4.A,,,,,,uri://ed-fi.org/CompetencyLevelDescriptor#Pass
CRSE_255901003_MATH-08,MATH-08,,,"Mathematics, Grade 8",,uri://ed-fi.org/CourseLevelCharacteristicDescriptor#Core Subject,"Mathematics, Grade 8",1,uri://ed-fi.org/AcademicSubjectDescriptor#Mathematics,uri://ed-fi.org/GradeLevelDescriptor#Eighth grade,,MATH-08,uri://ed-fi.org/CourseIdentificationSystemDescriptor#LEA course code,,,255901003,,,,,,111.24.NA.8.15.B,,,,,,uri://ed-fi.org/CompetencyLevelDescriptor#Pass
CRSE_255901003_PE-07,PE-07,,,"Physical Education, Grade 7",,uri://ed-fi.org/CourseLevelCharacteristicDescriptor#Core Subject,"Physical Education, Grades 7-8",1,"uri://ed-fi.org/AcademicSubjectDescriptor#Physical, Health, and Safety Education",uri://ed-fi.org/GradeLevelDescriptor#Seventh grade,,PE-07,uri://ed-fi.org/CourseIdentificationSystemDescriptor#LEA course code,,,255901003,,,,,,,,,,,,uri://ed-fi.org/CompetencyLevelDescriptor#Pass
CRSE_255901003_PE-08,PE-08,,,"Physical Education, Grade 8",,uri://ed-fi.org/CourseLevelCharacteristicDescriptor#Core Subject,"Physical Education, Grades 7-8",1,"uri://ed-fi.org/AcademicSubjectDescriptor#Physical, Health, and Safety Education",uri://ed-fi.org/GradeLevelDescriptor#Eighth grade,,PE-08,uri://ed-fi.org/CourseIdentificationSystemDescriptor#LEA course code,,,255901003,,,,,,,,,,,,uri://ed-fi.org/CompetencyLevelDescriptor#Pass
CRSE_255901003_SCI-07,SCI-07,,,"Science, Grade 7",,uri://ed-fi.org/CourseLevelCharacteristicDescriptor#Core Subject,"Science, Grade 7",1,uri://ed-fi.org/AcademicSubjectDescriptor#Science,uri://ed-fi.org/GradeLevelDescriptor#Seventh grade,,SCI-07,uri://ed-fi.org/CourseIdentificationSystemDescriptor#LEA course code,,,255901003,,,,,,112.19.1.B,,,,,,uri://ed-fi.org/CompetencyLevelDescriptor#Pass
CRSE_255901003_SCI-08,SCI-08,,,"Science, Grade 8",,uri://ed-fi.org/CourseLevelCharacteristicDescriptor#Core Subject,"Science, Grade 8",1,uri://ed-fi.org/AcademicSubjectDescriptor#Science,uri://ed-fi.org/GradeLevelDescriptor#Eighth grade,,SCI-08,uri://ed-fi.org/CourseIdentificationSystemDescriptor#LEA course code,,,255901003,,,,,,112.20.11.B,,,,,,uri://ed-fi.org/CompetencyLevelDescriptor#Pass
CRSE_255901003_SPAN-07,SPAN-07,,,"Spanish, Grade 7",,uri://ed-fi.org/CourseLevelCharacteristicDescriptor#Core Subject,"Spanish, Grade 7",1,uri://ed-fi.org/AcademicSubjectDescriptor#Foreign Language and Literature,uri://ed-fi.org/GradeLevelDescriptor#Seventh grade,,SPAN-07,uri://ed-fi.org/CourseIdentificationSystemDescriptor#LEA course code,,,255901003,,,,,,,,,,,,uri://ed-fi.org/CompetencyLevelDescriptor#Pass
CRSE_255901003_SPAN-08,SPAN-08,,,"Spanish, Grade 8",,uri://ed-fi.org/CourseLevelCharacteristicDescriptor#Core Subject,"Spanish, Grade 8",1,uri://ed-fi.org/AcademicSubjectDescriptor#Foreign Language and Literature,uri://ed-fi.org/GradeLevelDescriptor#Eighth grade,,SPAN-08,uri://ed-fi.org/CourseIdentificationSystemDescriptor#LEA course code,,,255901003,,,,,,,,,,,,uri://ed-fi.org/CompetencyLevelDescriptor#Pass
CRSE_255901003_SS-07,SS-07,,,"Social Studies, Grade 7",,uri://ed-fi.org/CourseLevelCharacteristicDescriptor#Core Subject,"Social Studies, Grade 7",1,uri://ed-fi.org/AcademicSubjectDescriptor#Social Studies,uri://ed-fi.org/GradeLevelDescriptor#Seventh grade,,SS-07,uri://ed-fi.org/CourseIdentificationSystemDescriptor#LEA course code,,,255901003,,,,,,113.19.19.C,,,,,,uri://ed-fi.org/CompetencyLevelDescriptor#Pass
CRSE_255901003_SS-08,SS-08,,,"Social Studies, Grade 8",,uri://ed-fi.org/CourseLevelCharacteristicDescriptor#Core Subject,"Social Studies, Grade 8",1,uri://ed-fi.org/AcademicSubjectDescriptor#Social Studies,uri://ed-fi.org/GradeLevelDescriptor#Eighth grade,,SS-08,uri://ed-fi.org/CourseIdentificationSystemDescriptor#LEA course code,,,255901003,,,,,,113.20.2.A,,,,,,uri://ed-fi.org/CompetencyLevelDescriptor#Pass
CRSE_255901004_ART-04,ART-04,,,"Art, Grade 4",,uri://ed-fi.org/CourseLevelCharacteristicDescriptor#Core Subject,"Art, Grade 4",1,uri://ed-fi.org/AcademicSubjectDescriptor#Fine and Performing Arts,uri://ed-fi.org/GradeLevelDescriptor#Fourth grade,,ART-04,uri://ed-fi.org/CourseIdentificationSystemDescriptor#LEA course code,,,255901004,,,,,,,,,,,,uri://ed-fi.org/CompetencyLevelDescriptor#Pass
CRSE_255901004_ART-05,ART-05,,,"Art, Grade 5",,uri://ed-fi.org/CourseLevelCharacteristicDescriptor#Core Subject,"Art, Grade 5",1,uri://ed-fi.org/AcademicSubjectDescriptor#Fine and Performing Arts,uri://ed-fi.org/GradeLevelDescriptor#Fifth grade,,ART-05,uri://ed-fi.org/CourseIdentificationSystemDescriptor#LEA course code,,,255901004,,,,,,,,,,,,uri://ed-fi.org/CompetencyLevelDescriptor#Pass
CRSE_255901004_ART-06,ART-06,,,"Art, Grade 6",,uri://ed-fi.org/CourseLevelCharacteristicDescriptor#Core Subject,"Art, Grade 6",1,uri://ed-fi.org/AcademicSubjectDescriptor#Fine and Performing Arts,uri://ed-fi.org/GradeLevelDescriptor#Sixth grade,,ART-06,uri://ed-fi.org/CourseIdentificationSystemDescriptor#LEA course code,,,255901004,,,,,,,,,,,,uri://ed-fi.org/CompetencyLevelDescriptor#Pass
CRSE_255901004_CL-04,CL-04,,,"Computer Lab, Grade 4",,uri://ed-fi.org/CourseLevelCharacteristicDescriptor#Core Subject,"Computer Lab, Grade 4",1,uri://ed-fi.org/AcademicSubjectDescriptor#Career and Technical Education,uri://ed-fi.org/GradeLevelDescriptor#Fourth grade,,CL-04,uri://ed-fi.org/CourseIdentificationSystemDescriptor#LEA course code,,,255901004,,,,,,,,,,,,uri://ed-fi.org/CompetencyLevelDescriptor#Pass
CRSE_255901004_CL-05,CL-05,,,"Computer Lab, Grade 5",,uri://ed-fi.org/CourseLevelCharacteristicDescriptor#Core Subject,"Computer Lab, Grade 5",1,uri://ed-fi.org/AcademicSubjectDescriptor#Career and Technical Education,uri://ed-fi.org/GradeLevelDescriptor#Fifth grade,,CL-05,uri://ed-fi.org/CourseIdentificationSystemDescriptor#LEA course code,,,255901004,,,,,,,,,,,,uri://ed-fi.org/CompetencyLevelDescriptor#Pass
CRSE_255901004_CL-06,CL-06,,,"Computer Lab, Grade 6",,uri://ed-fi.org/CourseLevelCharacteristicDescriptor#Core Subject,"Computer Lab, Grade 6",1,uri://ed-fi.org/AcademicSubjectDescriptor#Career and Technical Education,uri://ed-fi.org/GradeLevelDescriptor#Sixth grade,,CL-06,uri://ed-fi.org/CourseIdentificationSystemDescriptor#LEA course code,,,255901004,,,,,,,,,,,,uri://ed-fi.org/CompetencyLevelDescriptor#Pass
CRSE_255901004_MATH-04,MATH-04,,,"Mathematics, Grade 4",,uri://ed-fi.org/CourseLevelCharacteristicDescriptor#Core Subject,"Mathematics, Grade 4",1,uri://ed-fi.org/AcademicSubjectDescriptor#Mathematics,uri://ed-fi.org/GradeLevelDescriptor#Fourth grade,,MATH-04,uri://ed-fi.org/CourseIdentificationSystemDescriptor#LEA course code,,,255901004,,,,,,111.16.4.11.D,,,,,,uri://ed-fi.org/CompetencyLevelDescriptor#Pass
CRSE_255901004_MATH-05,MATH-05,,,"Mathematics, Grade 5",,uri://ed-fi.org/CourseLevelCharacteristicDescriptor#Core Subject,"Mathematics, Grade 5",1,uri://ed-fi.org/AcademicSubjectDescriptor#Mathematics,uri://ed-fi.org/GradeLevelDescriptor#Fifth grade,,MATH-05,uri://ed-fi.org/CourseIdentificationSystemDescriptor#LEA course code,,,255901004,,,,,,111.16.4.6.A,,,,,,uri://ed-fi.org/CompetencyLevelDescriptor#Pass
CRSE_255901004_MATH-06,MATH-06,,,"Mathematics, Grade 6",,uri://ed-fi.org/CourseLevelCharacteristicDescriptor#Core Subject,"Mathematics, Grade 6",1,uri://ed-fi.org/AcademicSubjectDescriptor#Mathematics,uri://ed-fi.org/GradeLevelDescriptor#Sixth grade,,MATH-06,uri://ed-fi.org/CourseIdentificationSystemDescriptor#LEA course code,,,255901004,,,,,,111.22.NA.6.2.C,,,,,,uri://ed-fi.org/CompetencyLevelDescriptor#Pass
CRSE_255901004_MUS-04,MUS-04,,,"Music, Grade 4",,uri://ed-fi.org/CourseLevelCharacteristicDescriptor#Core Subject,"Music, Grade 4",1,uri://ed-fi.org/AcademicSubjectDescriptor#Fine and Performing Arts,uri://ed-fi.org/GradeLevelDescriptor#Fourth grade,,MUS-04,uri://ed-fi.org/CourseIdentificationSystemDescriptor#LEA course code,,,255901004,,,,,,,,,,,,uri://ed-fi.org/CompetencyLevelDescriptor#Pass
CRSE_255901004_MUS-05,MUS-05,,,"Music, Grade 5",,uri://ed-fi.org/CourseLevelCharacteristicDescriptor#Core Subject,"Music, Grade 5",1,uri://ed-fi.org/AcademicSubjectDescriptor#Fine and Performing Arts,uri://ed-fi.org/GradeLevelDescriptor#Fifth grade,,MUS-05,uri://ed-fi.org/CourseIdentificationSystemDescriptor#LEA course code,,,255901004,,,,,,,,,,,,uri://ed-fi.org/CompetencyLevelDescriptor#Pass
CRSE_255901004_MUS-06,MUS-06,,,"Music, Grade 6",,uri://ed-fi.org/CourseLevelCharacteristicDescriptor#Core Subject,"Music, Grade 6",1,uri://ed-fi.org/AcademicSubjectDescriptor#Fine and Performing Arts,uri://ed-fi.org/GradeLevelDescriptor#Sixth grade,,MUS-06,uri://ed-fi.org/CourseIdentificationSystemDescriptor#LEA course code,,,255901004,,,,,,,,,,,,uri://ed-fi.org/CompetencyLevelDescriptor#Pass
CRSE_255901004_PE-04,PE-04,,,"Physical Education, Grade 4",,uri://ed-fi.org/CourseLevelCharacteristicDescriptor#Core Subject,"Physical Education, Grades 1-6",1,"uri://ed-fi.org/AcademicSubjectDescriptor#Physical, Health, and Safety Education",uri://ed-fi.org/GradeLevelDescriptor#Fourth grade,,PE-04,uri://ed-fi.org/CourseIdentificationSystemDescriptor#LEA course code,,,255901004,,,,,,,,,,,,uri://ed-fi.org/CompetencyLevelDescriptor#Pass
CRSE_255901004_PE-05,PE-05,,,"Physical Education, Grade 5",,uri://ed-fi.org/CourseLevelCharacteristicDescriptor#Core Subject,"Physical Education, Grades 1-6",1,"uri://ed-fi.org/AcademicSubjectDescriptor#Physical, Health, and Safety Education",uri://ed-fi.org/GradeLevelDescriptor#Fifth grade,,PE-05,uri://ed-fi.org/CourseIdentificationSystemDescriptor#LEA course code,,,255901004,,,,,,,,,,,,uri://ed-fi.org/CompetencyLevelDescriptor#Pass
CRSE_255901004_PE-06,PE-06,,,"Physical Education, Grade 6",,uri://ed-fi.org/CourseLevelCharacteristicDescriptor#Core Subject,"Physical Education, Grades 1-6",1,"uri://ed-fi.org/AcademicSubjectDescriptor#Physical, Health, and Safety Education",uri://ed-fi.org/GradeLevelDescriptor#Sixth grade,,PE-06,uri://ed-fi.org/CourseIdentificationSystemDescriptor#LEA course code,,,255901004,,,,,,,,,,,,uri://ed-fi.org/CompetencyLevelDescriptor#Pass
CRSE_255901004_READ-04,READ-04,,,"Reading, Grade 4",,uri://ed-fi.org/CourseLevelCharacteristicDescriptor#Core Subject,"Reading, Grade 4",1,uri://ed-fi.org/AcademicSubjectDescriptor#Reading,uri://ed-fi.org/GradeLevelDescriptor#Fourth grade,,READ-04,uri://ed-fi.org/CourseIdentificationSystemDescriptor#LEA course code,,,255901004,,,,,,110.15.24.Ai,,,,,,uri://ed-fi.org/CompetencyLevelDescriptor#Pass
CRSE_255901004_READ-05,READ-05,,,"Reading, Grade 5",,uri://ed-fi.org/CourseLevelCharacteristicDescriptor#Core Subject,"Reading, Grade 5",1,uri://ed-fi.org/AcademicSubjectDescriptor#Reading,uri://ed-fi.org/GradeLevelDescriptor#Fifth grade,,READ-05,uri://ed-fi.org/CourseIdentificationSystemDescriptor#LEA course code,,,255901004,,,,,,110.16.21.Ai,,,,,,uri://ed-fi.org/CompetencyLevelDescriptor#Pass
CRSE_255901004_READ-06,READ-06,,,"Reading, Grade 6",,uri://ed-fi.org/CourseLevelCharacteristicDescriptor#Core Subject,"Reading, Grade 6",1,uri://ed-fi.org/AcademicSubjectDescriptor#Reading,uri://ed-fi.org/GradeLevelDescriptor#Sixth grade,,READ-06,uri://ed-fi.org/CourseIdentificationSystemDescriptor#LEA course code,,,255901004,,,,,,110.18.2.C,,,,,,uri://ed-fi.org/CompetencyLevelDescriptor#Pass
CRSE_255901004_SCI-04,SCI-04,,,"Science, Grade 4",,uri://ed-fi.org/CourseLevelCharacteristicDescriptor#Core Subject,"Science, Grade 4",1,uri://ed-fi.org/AcademicSubjectDescriptor#Science,uri://ed-fi.org/GradeLevelDescriptor#Fourth grade,,SCI-04,uri://ed-fi.org/CourseIdentificationSystemDescriptor#LEA course code,,,255901004,,,,,,112.15.7.B,,,,,,uri://ed-fi.org/CompetencyLevelDescriptor#Pass
CRSE_255901004_SCI-05,SCI-05,,,"Science, Grade 5",,uri://ed-fi.org/CourseLevelCharacteristicDescriptor#Core Subject,"Science, Grade 5",1,uri://ed-fi.org/AcademicSubjectDescriptor#Science,uri://ed-fi.org/GradeLevelDescriptor#Fifth grade,,SCI-05,uri://ed-fi.org/CourseIdentificationSystemDescriptor#LEA course code,,,255901004,,,,,,112.16.2.A,,,,,,uri://ed-fi.org/CompetencyLevelDescriptor#Pass
CRSE_255901004_SCI-06,SCI-06,,,"Science, Grade 6",,uri://ed-fi.org/CourseLevelCharacteristicDescriptor#Core Subject,"Science, Grade 6",1,uri://ed-fi.org/AcademicSubjectDescriptor#Science,uri://ed-fi.org/GradeLevelDescriptor#Sixth grade,,SCI-06,uri://ed-fi.org/CourseIdentificationSystemDescriptor#LEA course code,,,255901004,,,,,,112.18.5.A,,,,,,uri://ed-fi.org/CompetencyLevelDescriptor#Pass
CRSE_255901004_SS-04,SS-04,,,"Social Studies, Grade 4",,uri://ed-fi.org/CourseLevelCharacteristicDescriptor#Core Subject,"Social Studies, Grade 4",1,uri://ed-fi.org/AcademicSubjectDescriptor#Social Studies,uri://ed-fi.org/GradeLevelDescriptor#Fourth grade,,SS-04,uri://ed-fi.org/CourseIdentificationSystemDescriptor#LEA course code,,,255901004,,,,,,113.15.17.B,,,,,,uri://ed-fi.org/CompetencyLevelDescriptor#Pass
CRSE_255901004_SS-05,SS-05,,,"Social Studies, Grade 5",,uri://ed-fi.org/CourseLevelCharacteristicDescriptor#Core Subject,"Social Studies, Grade 5",1,uri://ed-fi.org/AcademicSubjectDescriptor#Social Studies,uri://ed-fi.org/GradeLevelDescriptor#Fifth grade,,SS-05,uri://ed-fi.org/CourseIdentificationSystemDescriptor#LEA course code,,,255901004,,,,,,113.16.13.B,,,,,,uri://ed-fi.org/CompetencyLevelDescriptor#Pass
CRSE_255901004_SS-06,SS-06,,,"Social Studies, Grade 6",,uri://ed-fi.org/CourseLevelCharacteristicDescriptor#Core Subject,"Social Studies, Grade 6",1,uri://ed-fi.org/AcademicSubjectDescriptor#Social Studies,uri://ed-fi.org/GradeLevelDescriptor#Sixth grade,,SS-06,uri://ed-fi.org/CourseIdentificationSystemDescriptor#LEA course code,,,255901004,,,,,,113.18.15.B,,,,,,uri://ed-fi.org/CompetencyLevelDescriptor#Pass
CRSE_255901004_WRI-04,WRI-04,,,"Writing, Grade 4",,uri://ed-fi.org/CourseLevelCharacteristicDescriptor#Core Subject,"Writing, Grade 4",1,uri://ed-fi.org/AcademicSubjectDescriptor#Writing,uri://ed-fi.org/GradeLevelDescriptor#Fourth grade,,WRI-04,uri://ed-fi.org/CourseIdentificationSystemDescriptor#LEA course code,,,255901004,,,,,,110.15.24.Ai,,,,,,uri://ed-fi.org/CompetencyLevelDescriptor#Pass
CRSE_255901004_WRI-05,WRI-05,,,"Writing, Grade 5",,uri://ed-fi.org/CourseLevelCharacteristicDescriptor#Core Subject,"Writing, Grade 5",1,uri://ed-fi.org/AcademicSubjectDescriptor#Writing,uri://ed-fi.org/GradeLevelDescriptor#Fifth grade,,WRI-05,uri://ed-fi.org/CourseIdentificationSystemDescriptor#LEA course code,,,255901004,,,,,,110.16.21.Ai,,,,,,uri://ed-fi.org/CompetencyLevelDescriptor#Pass
CRSE_255901004_WRI-06,WRI-06,,,"Writing, Grade 6",,uri://ed-fi.org/CourseLevelCharacteristicDescriptor#Core Subject,"Writing, Grade 6",1,uri://ed-fi.org/AcademicSubjectDescriptor#Writing,uri://ed-fi.org/GradeLevelDescriptor#Sixth grade,,WRI-06,uri://ed-fi.org/CourseIdentificationSystemDescriptor#LEA course code,,,255901004,,,,,,110.18.2.C,,,,,,uri://ed-fi.org/CompetencyLevelDescriptor#Pass
CRSE_255901005_ART-04,ART-04,,,"Art, Grade 4",,uri://ed-fi.org/CourseLevelCharacteristicDescriptor#Core Subject,"Art, Grade 4",1,uri://ed-fi.org/AcademicSubjectDescriptor#Fine and Performing Arts,uri://ed-fi.org/GradeLevelDescriptor#Fourth grade,,ART-04,uri://ed-fi.org/CourseIdentificationSystemDescriptor#LEA course code,,,255901005,,,,,,,,,,,,uri://ed-fi.org/CompetencyLevelDescriptor#Pass
CRSE_255901005_ART-05,ART-05,,,"Art, Grade 5",,uri://ed-fi.org/CourseLevelCharacteristicDescriptor#Core Subject,"Art, Grade 5",1,uri://ed-fi.org/AcademicSubjectDescriptor#Fine and Performing Arts,uri://ed-fi.org/GradeLevelDescriptor#Fifth grade,,ART-05,uri://ed-fi.org/CourseIdentificationSystemDescriptor#LEA course code,,,255901005,,,,,,,,,,,,uri://ed-fi.org/CompetencyLevelDescriptor#Pass
CRSE_255901005_ART-06,ART-06,,,"Art, Grade 6",,uri://ed-fi.org/CourseLevelCharacteristicDescriptor#Core Subject,"Art, Grade 6",1,uri://ed-fi.org/AcademicSubjectDescriptor#Fine and Performing Arts,uri://ed-fi.org/GradeLevelDescriptor#Sixth grade,,ART-06,uri://ed-fi.org/CourseIdentificationSystemDescriptor#LEA course code,,,255901005,,,,,,,,,,,,uri://ed-fi.org/CompetencyLevelDescriptor#Pass
CRSE_255901005_CL-04,CL-04,,,"Computer Lab, Grade 4",,uri://ed-fi.org/CourseLevelCharacteristicDescriptor#Core Subject,"Computer Lab, Grade 4",1,uri://ed-fi.org/AcademicSubjectDescriptor#Career and Technical Education,uri://ed-fi.org/GradeLevelDescriptor#Fourth grade,,CL-04,uri://ed-fi.org/CourseIdentificationSystemDescriptor#LEA course code,,,255901005,,,,,,,,,,,,uri://ed-fi.org/CompetencyLevelDescriptor#Pass
CRSE_255901005_CL-05,CL-05,,,"Computer Lab, Grade 5",,uri://ed-fi.org/CourseLevelCharacteristicDescriptor#Core Subject,"Computer Lab, Grade 5",1,uri://ed-fi.org/AcademicSubjectDescriptor#Career and Technical Education,uri://ed-fi.org/GradeLevelDescriptor#Fifth grade,,CL-05,uri://ed-fi.org/CourseIdentificationSystemDescriptor#LEA course code,,,255901005,,,,,,,,,,,,uri://ed-fi.org/CompetencyLevelDescriptor#Pass
CRSE_255901005_CL-06,CL-06,,,"Computer Lab, Grade 6",,uri://ed-fi.org/CourseLevelCharacteristicDescriptor#Core Subject,"Computer Lab, Grade 6",1,uri://ed-fi.org/AcademicSubjectDescriptor#Career and Technical Education,uri://ed-fi.org/GradeLevelDescriptor#Sixth grade,,CL-06,uri://ed-fi.org/CourseIdentificationSystemDescriptor#LEA course code,,,255901005,,,,,,,,,,,,uri://ed-fi.org/CompetencyLevelDescriptor#Pass
CRSE_255901005_MATH-04,MATH-04,,,"Mathematics, Grade 4",,uri://ed-fi.org/CourseLevelCharacteristicDescriptor#Core Subject,"Mathematics, Grade 4",1,uri://ed-fi.org/AcademicSubjectDescriptor#Mathematics,uri://ed-fi.org/GradeLevelDescriptor#Fourth grade,,MATH-04,uri://ed-fi.org/CourseIdentificationSystemDescriptor#LEA course code,,,255901005,,,,,,111.16.4.11.D,,,,,,uri://ed-fi.org/CompetencyLevelDescriptor#Pass
CRSE_255901005_MATH-05,MATH-05,,,"Mathematics, Grade 5",,uri://ed-fi.org/CourseLevelCharacteristicDescriptor#Core Subject,"Mathematics, Grade 5",1,uri://ed-fi.org/AcademicSubjectDescriptor#Mathematics,uri://ed-fi.org/GradeLevelDescriptor#Fifth grade,,MATH-05,uri://ed-fi.org/CourseIdentificationSystemDescriptor#LEA course code,,,255901005,,,,,,111.16.4.6.A,,,,,,uri://ed-fi.org/CompetencyLevelDescriptor#Pass
CRSE_255901005_MATH-06,MATH-06,,,"Mathematics, Grade 6",,uri://ed-fi.org/CourseLevelCharacteristicDescriptor#Core Subject,"Mathematics, Grade 6",1,uri://ed-fi.org/AcademicSubjectDescriptor#Mathematics,uri://ed-fi.org/GradeLevelDescriptor#Sixth grade,,MATH-06,uri://ed-fi.org/CourseIdentificationSystemDescriptor#LEA course code,,,255901005,,,,,,111.22.NA.6.2.C,,,,,,uri://ed-fi.org/CompetencyLevelDescriptor#Pass
CRSE_255901005_MUS-04,MUS-04,,,"Music, Grade 4",,uri://ed-fi.org/CourseLevelCharacteristicDescriptor#Core Subject,"Music, Grade 4",1,uri://ed-fi.org/AcademicSubjectDescriptor#Fine and Performing Arts,uri://ed-fi.org/GradeLevelDescriptor#Fourth grade,,MUS-04,uri://ed-fi.org/CourseIdentificationSystemDescriptor#LEA course code,,,255901005,,,,,,,,,,,,uri://ed-fi.org/CompetencyLevelDescriptor#Pass
CRSE_255901005_MUS-05,MUS-05,,,"Music, Grade 5",,uri://ed-fi.org/CourseLevelCharacteristicDescriptor#Core Subject,"Music, Grade 5",1,uri://ed-fi.org/AcademicSubjectDescriptor#Fine and Performing Arts,uri://ed-fi.org/GradeLevelDescriptor#Fifth grade,,MUS-05,uri://ed-fi.org/CourseIdentificationSystemDescriptor#LEA course code,,,255901005,,,,,,,,,,,,uri://ed-fi.org/CompetencyLevelDescriptor#Pass
CRSE_255901005_MUS-06,MUS-06,,,"Music, Grade 6",,uri://ed-fi.org/CourseLevelCharacteristicDescriptor#Core Subject,"Music, Grade 6",1,uri://ed-fi.org/AcademicSubjectDescriptor#Fine and Performing Arts,uri://ed-fi.org/GradeLevelDescriptor#Sixth grade,,MUS-06,uri://ed-fi.org/CourseIdentificationSystemDescriptor#LEA course code,,,255901005,,,,,,,,,,,,uri://ed-fi.org/CompetencyLevelDescriptor#Pass
CRSE_255901005_PE-04,PE-04,,,"Physical Education, Grade 4",,uri://ed-fi.org/CourseLevelCharacteristicDescriptor#Core Subject,"Physical Education, Grades 1-6",1,"uri://ed-fi.org/AcademicSubjectDescriptor#Physical, Health, and Safety Education",uri://ed-fi.org/GradeLevelDescriptor#Fourth grade,,PE-04,uri://ed-fi.org/CourseIdentificationSystemDescriptor#LEA course code,,,255901005,,,,,,,,,,,,uri://ed-fi.org/CompetencyLevelDescriptor#Pass
CRSE_255901005_PE-05,PE-05,,,"Physical Education, Grade 5",,uri://ed-fi.org/CourseLevelCharacteristicDescriptor#Core Subject,"Physical Education, Grades 1-6",1,"uri://ed-fi.org/AcademicSubjectDescriptor#Physical, Health, and Safety Education",uri://ed-fi.org/GradeLevelDescriptor#Fifth grade,,PE-05,uri://ed-fi.org/CourseIdentificationSystemDescriptor#LEA course code,,,255901005,,,,,,,,,,,,uri://ed-fi.org/CompetencyLevelDescriptor#Pass
CRSE_255901005_PE-06,PE-06,,,"Physical Education, Grade 6",,uri://ed-fi.org/CourseLevelCharacteristicDescriptor#Core Subject,"Physical Education, Grades 1-6",1,"uri://ed-fi.org/AcademicSubjectDescriptor#Physical, Health, and Safety Education",uri://ed-fi.org/GradeLevelDescriptor#Sixth grade,,PE-06,uri://ed-fi.org/CourseIdentificationSystemDescriptor#LEA course code,,,255901005,,,,,,,,,,,,uri://ed-fi.org/CompetencyLevelDescriptor#Pass
CRSE_255901005_READ-04,READ-04,,,"Reading, Grade 4",,uri://ed-fi.org/CourseLevelCharacteristicDescriptor#Core Subject,"Reading, Grade 4",1,uri://ed-fi.org/AcademicSubjectDescriptor#Reading,uri://ed-fi.org/GradeLevelDescriptor#Fourth grade,,READ-04,uri://ed-fi.org/CourseIdentificationSystemDescriptor#LEA course code,,,255901005,,,,,,110.15.24.Ai,,,,,,uri://ed-fi.org/CompetencyLevelDescriptor#Pass
CRSE_255901005_READ-05,READ-05,,,"Reading, Grade 5",,uri://ed-fi.org/CourseLevelCharacteristicDescriptor#Core Subject,"Reading, Grade 5",1,uri://ed-fi.org/AcademicSubjectDescriptor#Reading,uri://ed-fi.org/GradeLevelDescriptor#Fifth grade,,READ-05,uri://ed-fi.org/CourseIdentificationSystemDescriptor#LEA course code,,,255901005,,,,,,110.16.21.Ai,,,,,,uri://ed-fi.org/CompetencyLevelDescriptor#Pass
CRSE_255901005_READ-06,READ-06,,,"Reading, Grade 6",,uri://ed-fi.org/CourseLevelCharacteristicDescriptor#Core Subject,"Reading, Grade 6",1,uri://ed-fi.org/AcademicSubjectDescriptor#Reading,uri://ed-fi.org/GradeLevelDescriptor#Sixth grade,,READ-06,uri://ed-fi.org/CourseIdentificationSystemDescriptor#LEA course code,,,255901005,,,,,,110.18.2.C,,,,,,uri://ed-fi.org/CompetencyLevelDescriptor#Pass
CRSE_255901005_SCI-04,SCI-04,,,"Science, Grade 4",,uri://ed-fi.org/CourseLevelCharacteristicDescriptor#Core Subject,"Science, Grade 4",1,uri://ed-fi.org/AcademicSubjectDescriptor#Science,uri://ed-fi.org/GradeLevelDescriptor#Fourth grade,,SCI-04,uri://ed-fi.org/CourseIdentificationSystemDescriptor#LEA course code,,,255901005,,,,,,112.15.7.B,,,,,,uri://ed-fi.org/CompetencyLevelDescriptor#Pass
CRSE_255901005_SCI-05,SCI-05,,,"Science, Grade 5",,uri://ed-fi.org/CourseLevelCharacteristicDescriptor#Core Subject,"Science, Grade 5",1,uri://ed-fi.org/AcademicSubjectDescriptor#Science,uri://ed-fi.org/GradeLevelDescriptor#Fifth grade,,SCI-05,uri://ed-fi.org/CourseIdentificationSystemDescriptor#LEA course code,,,255901005,,,,,,112.16.2.A,,,,,,uri://ed-fi.org/CompetencyLevelDescriptor#Pass
CRSE_255901005_SCI-06,SCI-06,,,"Science, Grade 6",,uri://ed-fi.org/CourseLevelCharacteristicDescriptor#Core Subject,"Science, Grade 6",1,uri://ed-fi.org/AcademicSubjectDescriptor#Science,uri://ed-fi.org/GradeLevelDescriptor#Sixth grade,,SCI-06,uri://ed-fi.org/CourseIdentificationSystemDescriptor#LEA course code,,,255901005,,,,,,112.18.5.A,,,,,,uri://ed-fi.org/CompetencyLevelDescriptor#Pass
CRSE_255901005_SS-04,SS-04,,,"Social Studies, Grade 4",,uri://ed-fi.org/CourseLevelCharacteristicDescriptor#Core Subject,"Social Studies, Grade 4",1,uri://ed-fi.org/AcademicSubjectDescriptor#Social Studies,uri://ed-fi.org/GradeLevelDescriptor#Fourth grade,,SS-04,uri://ed-fi.org/CourseIdentificationSystemDescriptor#LEA course code,,,255901005,,,,,,113.15.17.B,,,,,,uri://ed-fi.org/CompetencyLevelDescriptor#Pass
CRSE_255901005_SS-05,SS-05,,,"Social Studies, Grade 5",,uri://ed-fi.org/CourseLevelCharacteristicDescriptor#Core Subject,"Social Studies, Grade 5",1,uri://ed-fi.org/AcademicSubjectDescriptor#Social Studies,uri://ed-fi.org/GradeLevelDescriptor#Fifth grade,,SS-05,uri://ed-fi.org/CourseIdentificationSystemDescriptor#LEA course code,,,255901005,,,,,,113.16.13.B,,,,,,uri://ed-fi.org/CompetencyLevelDescriptor#Pass
CRSE_255901005_SS-06,SS-06,,,"Social Studies, Grade 6",,uri://ed-fi.org/CourseLevelCharacteristicDescriptor#Core Subject,"Social Studies, Grade 6",1,uri://ed-fi.org/AcademicSubjectDescriptor#Social Studies,uri://ed-fi.org/GradeLevelDescriptor#Sixth grade,,SS-06,uri://ed-fi.org/CourseIdentificationSystemDescriptor#LEA course code,,,255901005,,,,,,113.18.15.B,,,,,,uri://ed-fi.org/CompetencyLevelDescriptor#Pass
CRSE_255901005_WRI-04,WRI-04,,,"Writing, Grade 4",,uri://ed-fi.org/CourseLevelCharacteristicDescriptor#Core Subject,"Writing, Grade 4",1,uri://ed-fi.org/AcademicSubjectDescriptor#Writing,uri://ed-fi.org/GradeLevelDescriptor#Fourth grade,,WRI-04,uri://ed-fi.org/CourseIdentificationSystemDescriptor#LEA course code,,,255901005,,,,,,110.15.24.Ai,,,,,,uri://ed-fi.org/CompetencyLevelDescriptor#Pass
CRSE_255901005_WRI-05,WRI-05,,,"Writing, Grade 5",,uri://ed-fi.org/CourseLevelCharacteristicDescriptor#Core Subject,"Writing, Grade 5",1,uri://ed-fi.org/AcademicSubjectDescriptor#Writing,uri://ed-fi.org/GradeLevelDescriptor#Fifth grade,,WRI-05,uri://ed-fi.org/CourseIdentificationSystemDescriptor#LEA course code,,,255901005,,,,,,110.16.21.Ai,,,,,,uri://ed-fi.org/CompetencyLevelDescriptor#Pass
CRSE_255901005_WRI-06,WRI-06,,,"Writing, Grade 6",,uri://ed-fi.org/CourseLevelCharacteristicDescriptor#Core Subject,"Writing, Grade 6",1,uri://ed-fi.org/AcademicSubjectDescriptor#Writing,uri://ed-fi.org/GradeLevelDescriptor#Sixth grade,,WRI-06,uri://ed-fi.org/CourseIdentificationSystemDescriptor#LEA course code,,,255901005,,,,,,110.18.2.C,,,,,,uri://ed-fi.org/CompetencyLevelDescriptor#Pass