id,AssessmentTitle,Version,RevisionDate,MaxRawScore,AssessmentIdentificationCode.IdentificationCode,AssessmentIdentificationCode.AssessmentIdentificationSystem,AssessmentCategory,AcademicSubject,AssessedGradeLevel,LowestAssessedGradeLevel,ContentStandard.Title,AssessmentPerformanceLevel[0].MinimumScore,AssessmentPerformanceLevel[0].MaximumScore,AssessmentPerformanceLevel[0].AssessmentReportingMethod,AssessmentPerformanceLevel[0].PerformanceLevel,AssessmentPerformanceLevel[1].MinimumScore,AssessmentPerformanceLevel[1].MaximumScore,AssessmentPerformanceLevel[1].AssessmentReportingMethod,AssessmentPerformanceLevel[1].PerformanceLevel,AssessmentPerformanceLevel[2].MinimumScore,AssessmentPerformanceLevel[2].MaximumScore,AssessmentPerformanceLevel[2].AssessmentReportingMethod,AssessmentPerformanceLevel[2].PerformanceLevel,AssessmentPerformanceLevel[3].MinimumScore,AssessmentPerformanceLevel[3].MaximumScore,AssessmentPerformanceLevel[3].AssessmentReportingMethod,AssessmentPerformanceLevel[3].PerformanceLevel,AssessmentPerformanceLevel[4].MinimumScore,AssessmentPerformanceLevel[4].MaximumScore,AssessmentPerformanceLevel[4].AssessmentReportingMethod,AssessmentPerformanceLevel[4].PerformanceLevel,Namespace
TA-ACT-Composite-1,ACT,1,5/30/16 00:00,30,ACT Composite,uri://ed-fi.org/AssessmentIdentificationSystemDescriptor#Test Contractor,uri://ed-fi.org/AssessmentCategoryDescriptor#College entrance exam,uri://ed-fi.org/AcademicSubjectDescriptor#Composite,uri://ed-fi.org/GradeLevelDescriptor#Twelfth grade,uri://ed-fi.org/GradeLevelDescriptor#Tenth grade,ACT,23,26,uri://ed-fi.org/AssessmentReportingMethodDescriptor#Scale score,uri://ed-fi.org/PerformanceLevelDescriptor#Below Basic,27,30,uri://ed-fi.org/AssessmentReportingMethodDescriptor#Scale score,uri://ed-fi.org/PerformanceLevelDescriptor#Proficient,,,,,,,,,,,,,Namespace
TA-SAT-Composite-1,rSAT-MostRecent,1,5/30/16 00:00,1600,SAT Composite,uri://ed-fi.org/AssessmentIdentificationSystemDescriptor#Test Contractor,uri://ed-fi.org/AssessmentCategoryDescriptor#College entrance exam,uri://ed-fi.org/AcademicSubjectDescriptor#Composite,uri://ed-fi.org/GradeLevelDescriptor#Twelfth grade,uri://ed-fi.org/GradeLevelDescriptor#Tenth grade,SAT,400,800,uri://ed-fi.org/AssessmentReportingMethodDescriptor#College Board examination scores,uri://ed-fi.org/PerformanceLevelDescriptor#Below Basic,801,1600,uri://ed-fi.org/AssessmentReportingMethodDescriptor#College Board examination scores,uri://ed-fi.org/PerformanceLevelDescriptor#Proficient,,,,,,,,,,,,,Namespace
TA-PSAT-Composite-1,PSAT,1,5/30/16 00:00,1520,PSAT Composite,uri://ed-fi.org/AssessmentIdentificationSystemDescriptor#Test Contractor,uri://ed-fi.org/AssessmentCategoryDescriptor#College entrance exam,uri://ed-fi.org/AcademicSubjectDescriptor#Composite,uri://ed-fi.org/GradeLevelDescriptor#Eleventh grade,uri://ed-fi.org/GradeLevelDescriptor#Tenth grade,PSAT,320,760,uri://ed-fi.org/AssessmentReportingMethodDescriptor#College Board examination scores,uri://ed-fi.org/PerformanceLevelDescriptor#Below Basic,761,1520,uri://ed-fi.org/AssessmentReportingMethodDescriptor#College Board examination scores,uri://ed-fi.org/PerformanceLevelDescriptor#Proficient,,,,,,,,,,,,,Namespace
TA-STATE-Reading-3,STATE Reading,1,6/1/14 00:00,99,STATE Reading,uri://ed-fi.org/AssessmentIdentificationSystemDescriptor#State,uri://ed-fi.org/AssessmentCategoryDescriptor#State assessment,uri://ed-fi.org/AcademicSubjectDescriptor#Reading,uri://ed-fi.org/GradeLevelDescriptor#Third grade,uri://ed-fi.org/GradeLevelDescriptor#Third grade,STATE,0,59,uri://ed-fi.org/AssessmentReportingMethodDescriptor#Scale score,uri://ed-fi.org/PerformanceLevelDescriptor#Fail,60,99,uri://ed-fi.org/AssessmentReportingMethodDescriptor#Scale score,uri://ed-fi.org/PerformanceLevelDescriptor#Pass,,,,,,,,,,,,,Namespace
TA-STATE-Math-3,STATE Math,1,6/1/14 00:00,99,STATE Math,uri://ed-fi.org/AssessmentIdentificationSystemDescriptor#State,uri://ed-fi.org/AssessmentCategoryDescriptor#State assessment,uri://ed-fi.org/AcademicSubjectDescriptor#Mathematics,uri://ed-fi.org/GradeLevelDescriptor#Third grade,uri://ed-fi.org/GradeLevelDescriptor#Third grade,STATE,0,59,uri://ed-fi.org/AssessmentReportingMethodDescriptor#Scale score,uri://ed-fi.org/PerformanceLevelDescriptor#Fail,60,99,uri://ed-fi.org/AssessmentReportingMethodDescriptor#Scale score,uri://ed-fi.org/PerformanceLevelDescriptor#Pass,,,,,,,,,,,,,Namespace
TA-STATE-Reading-4,STATE Reading,1,6/1/14 00:00,99,STATE Reading,uri://ed-fi.org/AssessmentIdentificationSystemDescriptor#State,uri://ed-fi.org/AssessmentCategoryDescriptor#State assessment,uri://ed-fi.org/AcademicSubjectDescriptor#Reading,uri://ed-fi.org/GradeLevelDescriptor#Fourth grade,uri://ed-fi.org/GradeLevelDescriptor#Fourth grade,STATE,0,59,uri://ed-fi.org/AssessmentReportingMethodDescriptor#Scale score,uri://ed-fi.org/PerformanceLevelDescriptor#Fail,60,99,uri://ed-fi.org/AssessmentReportingMethodDescriptor#Scale score,uri://ed-fi.org/PerformanceLevelDescriptor#Pass,,,,,,,,,,,,,Namespace
TA-STATE-Writing-4,STATE Writing,1,6/1/14 00:00,99,STATE Writing,uri://ed-fi.org/AssessmentIdentificationSystemDescriptor#State,uri://ed-fi.org/AssessmentCategoryDescriptor#State assessment,uri://ed-fi.org/AcademicSubjectDescriptor#Writing,uri://ed-fi.org/GradeLevelDescriptor#Fourth grade,uri://ed-fi.org/GradeLevelDescriptor#Fourth grade,STATE,0,59,uri://ed-fi.org/AssessmentReportingMethodDescriptor#Scale score,uri://ed-fi.org/PerformanceLevelDescriptor#Fail,60,99,uri://ed-fi.org/AssessmentReportingMethodDescriptor#Scale score,uri://ed-fi.org/PerformanceLevelDescriptor#Pass,,,,,,,,,,,,,Namespace
TA-STATE-Math-4,STATE Math,1,6/1/14 00:00,99,STATE Math,uri://ed-fi.org/AssessmentIdentificationSystemDescriptor#State,uri://ed-fi.org/AssessmentCategoryDescriptor#State assessment,uri://ed-fi.org/AcademicSubjectDescriptor#Mathematics,uri://ed-fi.org/GradeLevelDescriptor#Fourth grade,uri://ed-fi.org/GradeLevelDescriptor#Fourth grade,STATE,0,59,uri://ed-fi.org/AssessmentReportingMethodDescriptor#Scale score,uri://ed-fi.org/PerformanceLevelDescriptor#Fail,60,99,uri://ed-fi.org/AssessmentReportingMethodDescriptor#Scale score,uri://ed-fi.org/PerformanceLevelDescriptor#Pass,,,,,,,,,,,,,Namespace
TA-STATE-Reading-5,STATE Reading,1,6/1/14 00:00,99,STATE Reading,uri://ed-fi.org/AssessmentIdentificationSystemDescriptor#State,uri://ed-fi.org/AssessmentCategoryDescriptor#State assessment,uri://ed-fi.org/AcademicSubjectDescriptor#Reading,uri://ed-fi.org/GradeLevelDescriptor#Fifth grade,uri://ed-fi.org/GradeLevelDescriptor#Fifth grade,STATE,0,59,uri://ed-fi.org/AssessmentReportingMethodDescriptor#Scale score,uri://ed-fi.org/PerformanceLevelDescriptor#Fail,60,99,uri://ed-fi.org/AssessmentReportingMethodDescriptor#Scale score,uri://ed-fi.org/PerformanceLevelDescriptor#Pass,,,,,,,,,,,,,Namespace
TA-STATE-Math-5,STATE Math,1,6/1/14 00:00,99,STATE Math,uri://ed-fi.org/AssessmentIdentificationSystemDescriptor#State,uri://ed-fi.org/AssessmentCategoryDescriptor#State assessment,uri://ed-fi.org/AcademicSubjectDescriptor#Mathematics,uri://ed-fi.org/GradeLevelDescriptor#Fifth grade,uri://ed-fi.org/GradeLevelDescriptor#Fifth grade,STATE,0,59,uri://ed-fi.org/AssessmentReportingMethodDescriptor#Scale score,uri://ed-fi.org/PerformanceLevelDescriptor#Fail,60,99,uri://ed-fi.org/AssessmentReportingMethodDescriptor#Scale score,uri://ed-fi.org/PerformanceLevelDescriptor#Pass,,,,,,,,,,,,,Namespace
TA-STATE-Science-5,STATE Science,1,6/1/14 00:00,99,STATE Science,uri://ed-fi.org/AssessmentIdentificationSystemDescriptor#State,uri://ed-fi.org/AssessmentCategoryDescriptor#State assessment,uri://ed-fi.org/AcademicSubjectDescriptor#Science,uri://ed-fi.org/GradeLevelDescriptor#Fifth grade,uri://ed-fi.org/GradeLevelDescriptor#Fifth grade,STATE,0,59,uri://ed-fi.org/AssessmentReportingMethodDescriptor#Scale score,uri://ed-fi.org/PerformanceLevelDescriptor#Fail,60,99,uri://ed-fi.org/AssessmentReportingMethodDescriptor#Scale score,uri://ed-fi.org/PerformanceLevelDescriptor#Pass,,,,,,,,,,,,,Namespace
TA-STATE-Reading-6,STATE Reading,1,6/1/14 00:00,99,STATE Reading,uri://ed-fi.org/AssessmentIdentificationSystemDescriptor#State,uri://ed-fi.org/AssessmentCategoryDescriptor#State assessment,uri://ed-fi.org/AcademicSubjectDescriptor#Reading,uri://ed-fi.org/GradeLevelDescriptor#Sixth grade,uri://ed-fi.org/GradeLevelDescriptor#Sixth grade,STATE,0,59,uri://ed-fi.org/AssessmentReportingMethodDescriptor#Scale score,uri://ed-fi.org/PerformanceLevelDescriptor#Fail,60,99,uri://ed-fi.org/AssessmentReportingMethodDescriptor#Scale score,uri://ed-fi.org/PerformanceLevelDescriptor#Pass,,,,,,,,,,,,,Namespace
TA-STATE-Math-6,STATE Math,1,6/1/14 00:00,99,STATE Math,uri://ed-fi.org/AssessmentIdentificationSystemDescriptor#State,uri://ed-fi.org/AssessmentCategoryDescriptor#State assessment,uri://ed-fi.org/AcademicSubjectDescriptor#Mathematics,uri://ed-fi.org/GradeLevelDescriptor#Sixth grade,uri://ed-fi.org/GradeLevelDescriptor#Sixth grade,STATE,0,59,uri://ed-fi.org/AssessmentReportingMethodDescriptor#Scale score,uri://ed-fi.org/PerformanceLevelDescriptor#Fail,60,99,uri://ed-fi.org/AssessmentReportingMethodDescriptor#Scale score,uri://ed-fi.org/PerformanceLevelDescriptor#Pass,,,,,,,,,,,,,Namespace
TA-STATE-Reading-7,STATE Reading,1,6/1/14 00:00,99,STATE Reading,uri://ed-fi.org/AssessmentIdentificationSystemDescriptor#State,uri://ed-fi.org/AssessmentCategoryDescriptor#State assessment,uri://ed-fi.org/AcademicSubjectDescriptor#Reading,uri://ed-fi.org/GradeLevelDescriptor#Seventh grade,uri://ed-fi.org/GradeLevelDescriptor#Seventh grade,STATE,0,59,uri://ed-fi.org/AssessmentReportingMethodDescriptor#Scale score,uri://ed-fi.org/PerformanceLevelDescriptor#Fail,60,99,uri://ed-fi.org/AssessmentReportingMethodDescriptor#Scale score,uri://ed-fi.org/PerformanceLevelDescriptor#Pass,,,,,,,,,,,,,Namespace
TA-STATE-Writing-7,STATE Writing,1,6/1/14 00:00,99,STATE Writing,uri://ed-fi.org/AssessmentIdentificationSystemDescriptor#State,uri://ed-fi.org/AssessmentCategoryDescriptor#State assessment,uri://ed-fi.org/AcademicSubjectDescriptor#Writing,uri://ed-fi.org/GradeLevelDescriptor#Seventh grade,uri://ed-fi.org/GradeLevelDescriptor#Seventh grade,STATE,0,59,uri://ed-fi.org/AssessmentReportingMethodDescriptor#Scale score,uri://ed-fi.org/PerformanceLevelDescriptor#Fail,60,99,uri://ed-fi.org/AssessmentReportingMethodDescriptor#Scale score,uri://ed-fi.org/PerformanceLevelDescriptor#Pass,,,,,,,,,,,,,Namespace
TA-STATE-Math-7,STATE Math,1,6/1/14 00:00,99,STATE Math,uri://ed-fi.org/AssessmentIdentificationSystemDescriptor#State,uri://ed-fi.org/AssessmentCategoryDescriptor#State assessment,uri://ed-fi.org/AcademicSubjectDescriptor#Mathematics,uri://ed-fi.org/GradeLevelDescriptor#Seventh grade,uri://ed-fi.org/GradeLevelDescriptor#Seventh grade,STATE,0,59,uri://ed-fi.org/AssessmentReportingMethodDescriptor#Scale score,uri://ed-fi.org/PerformanceLevelDescriptor#Fail,60,99,uri://ed-fi.org/AssessmentReportingMethodDescriptor#Scale score,uri://ed-fi.org/PerformanceLevelDescriptor#Pass,,,,,,,,,,,,,Namespace
TA-STATE-Reading-8,STATE Reading,1,6/1/14 00:00,99,STATE Reading,uri://ed-fi.org/AssessmentIdentificationSystemDescriptor#State,uri://ed-fi.org/AssessmentCategoryDescriptor#State assessment,uri://ed-fi.org/AcademicSubjectDescriptor#Reading,uri://ed-fi.org/GradeLevelDescriptor#Eighth grade,uri://ed-fi.org/GradeLevelDescriptor#Eighth grade,STATE,0,59,uri://ed-fi.org/AssessmentReportingMethodDescriptor#Scale score,uri://ed-fi.org/PerformanceLevelDescriptor#Fail,60,99,uri://ed-fi.org/AssessmentReportingMethodDescriptor#Scale score,uri://ed-fi.org/PerformanceLevelDescriptor#Pass,,,,,,,,,,,,,Namespace
TA-STATE-Math-8,STATE Math,1,6/1/14 00:00,99,STATE Math,uri://ed-fi.org/AssessmentIdentificationSystemDescriptor#State,uri://ed-fi.org/AssessmentCategoryDescriptor#State assessment,uri://ed-fi.org/AcademicSubjectDescriptor#Mathematics,uri://ed-fi.org/GradeLevelDescriptor#Eighth grade,uri://ed-fi.org/GradeLevelDescriptor#Eighth grade,STATE,0,59,uri://ed-fi.org/AssessmentReportingMethodDescriptor#Scale score,uri://ed-fi.org/PerformanceLevelDescriptor#Fail,60,99,uri://ed-fi.org/AssessmentReportingMethodDescriptor#Scale score,uri://ed-fi.org/PerformanceLevelDescriptor#Pass,,,,,,,,,,,,,Namespace
TA-STATE-Science-8,STATE Science,1,6/1/14 00:00,99,STATE Science,uri://ed-fi.org/AssessmentIdentificationSystemDescriptor#State,uri://ed-fi.org/AssessmentCategoryDescriptor#State assessment,uri://ed-fi.org/AcademicSubjectDescriptor#Science,uri://ed-fi.org/GradeLevelDescriptor#Eighth grade,uri://ed-fi.org/GradeLevelDescriptor#Eighth grade,STATE,0,59,uri://ed-fi.org/AssessmentReportingMethodDescriptor#Scale score,uri://ed-fi.org/PerformanceLevelDescriptor#Fail,60,99,uri://ed-fi.org/AssessmentReportingMethodDescriptor#Scale score,uri://ed-fi.org/PerformanceLevelDescriptor#Pass,,,,,,,,,,,,,Namespace
TA-STATE-SocialStudies-8,STATE Social Studies,1,6/1/14 00:00,99,STATE Social Studies,uri://ed-fi.org/AssessmentIdentificationSystemDescriptor#State,uri://ed-fi.org/AssessmentCategoryDescriptor#State assessment,uri://ed-fi.org/AcademicSubjectDescriptor#Social Studies,uri://ed-fi.org/GradeLevelDescriptor#Eighth grade,uri://ed-fi.org/GradeLevelDescriptor#Eighth grade,STATE,0,59,uri://ed-fi.org/AssessmentReportingMethodDescriptor#Scale score,uri://ed-fi.org/PerformanceLevelDescriptor#Fail,60,99,uri://ed-fi.org/AssessmentReportingMethodDescriptor#Scale score,uri://ed-fi.org/PerformanceLevelDescriptor#Pass,,,,,,,,,,,,,Namespace
TA-STATE-EnglishI,STATE English I,1,6/1/14 00:00,200,STATE English I,uri://ed-fi.org/AssessmentIdentificationSystemDescriptor#State,uri://ed-fi.org/AssessmentCategoryDescriptor#State high school course assessment,uri://ed-fi.org/AcademicSubjectDescriptor#English,uri://ed-fi.org/GradeLevelDescriptor#Ninth grade,uri://ed-fi.org/GradeLevelDescriptor#Ninth grade,STATE,0,39,uri://ed-fi.org/AssessmentReportingMethodDescriptor#Scale score,uri://ed-fi.org/PerformanceLevelDescriptor#Well Below Basic,40,79,uri://ed-fi.org/AssessmentReportingMethodDescriptor#Scale score,uri://ed-fi.org/PerformanceLevelDescriptor#Below Basic,80,119,uri://ed-fi.org/AssessmentReportingMethodDescriptor#Scale score,uri://ed-fi.org/PerformanceLevelDescriptor#Basic,120,159,uri://ed-fi.org/AssessmentReportingMethodDescriptor#Scale score,uri://ed-fi.org/PerformanceLevelDescriptor#Proficient,160,200,uri://ed-fi.org/AssessmentReportingMethodDescriptor#Scale score,uri://ed-fi.org/PerformanceLevelDescriptor#Advanced,Namespace
TA-STATE-EnglishII,STATE English II,1,6/1/14 00:00,200,STATE English II,uri://ed-fi.org/AssessmentIdentificationSystemDescriptor#State,uri://ed-fi.org/AssessmentCategoryDescriptor#State high school course assessment,uri://ed-fi.org/AcademicSubjectDescriptor#English,uri://ed-fi.org/GradeLevelDescriptor#Tenth grade,uri://ed-fi.org/GradeLevelDescriptor#Tenth grade,STATE,0,39,uri://ed-fi.org/AssessmentReportingMethodDescriptor#Scale score,uri://ed-fi.org/PerformanceLevelDescriptor#Well Below Basic,40,79,uri://ed-fi.org/AssessmentReportingMethodDescriptor#Scale score,uri://ed-fi.org/PerformanceLevelDescriptor#Below Basic,80,119,uri://ed-fi.org/AssessmentReportingMethodDescriptor#Scale score,uri://ed-fi.org/PerformanceLevelDescriptor#Basic,120,159,uri://ed-fi.org/AssessmentReportingMethodDescriptor#Scale score,uri://ed-fi.org/PerformanceLevelDescriptor#Proficient,160,200,uri://ed-fi.org/AssessmentReportingMethodDescriptor#Scale score,uri://ed-fi.org/PerformanceLevelDescriptor#Advanced,Namespace
TA-STATE-EnglishIII,STATE English III,1,6/1/14 00:00,200,STATE English III,uri://ed-fi.org/AssessmentIdentificationSystemDescriptor#State,uri://ed-fi.org/AssessmentCategoryDescriptor#State high school course assessment,uri://ed-fi.org/AcademicSubjectDescriptor#English,uri://ed-fi.org/GradeLevelDescriptor#Eleventh grade,uri://ed-fi.org/GradeLevelDescriptor#Eleventh grade,STATE,0,39,uri://ed-fi.org/AssessmentReportingMethodDescriptor#Scale score,uri://ed-fi.org/PerformanceLevelDescriptor#Well Below Basic,40,79,uri://ed-fi.org/AssessmentReportingMethodDescriptor#Scale score,uri://ed-fi.org/PerformanceLevelDescriptor#Below Basic,80,119,uri://ed-fi.org/AssessmentReportingMethodDescriptor#Scale score,uri://ed-fi.org/PerformanceLevelDescriptor#Basic,120,159,uri://ed-fi.org/AssessmentReportingMethodDescriptor#Scale score,uri://ed-fi.org/PerformanceLevelDescriptor#Proficient,160,200,uri://ed-fi.org/AssessmentReportingMethodDescriptor#Scale score,uri://ed-fi.org/PerformanceLevelDescriptor#Advanced,Namespace
TA-STATE-AlgebraI,STATE Algebra I,1,6/1/14 00:00,200,STATE Algebra I,uri://ed-fi.org/AssessmentIdentificationSystemDescriptor#State,uri://ed-fi.org/AssessmentCategoryDescriptor#State high school course assessment,uri://ed-fi.org/AcademicSubjectDescriptor#Mathematics,uri://ed-fi.org/GradeLevelDescriptor#Ninth grade,uri://ed-fi.org/GradeLevelDescriptor#Ninth grade,STATE,0,39,uri://ed-fi.org/AssessmentReportingMethodDescriptor#Scale score,uri://ed-fi.org/PerformanceLevelDescriptor#Well Below Basic,40,79,uri://ed-fi.org/AssessmentReportingMethodDescriptor#Scale score,uri://ed-fi.org/PerformanceLevelDescriptor#Below Basic,80,119,uri://ed-fi.org/AssessmentReportingMethodDescriptor#Scale score,uri://ed-fi.org/PerformanceLevelDescriptor#Basic,120,159,uri://ed-fi.org/AssessmentReportingMethodDescriptor#Scale score,uri://ed-fi.org/PerformanceLevelDescriptor#Proficient,160,200,uri://ed-fi.org/AssessmentReportingMethodDescriptor#Scale score,uri://ed-fi.org/PerformanceLevelDescriptor#Advanced,Namespace
TA-STATE-AlgebraII,STATE Algebra II,1,6/1/14 00:00,200,STATE Algebra II,uri://ed-fi.org/AssessmentIdentificationSystemDescriptor#State,uri://ed-fi.org/AssessmentCategoryDescriptor#State high school course assessment,uri://ed-fi.org/AcademicSubjectDescriptor#Mathematics,uri://ed-fi.org/GradeLevelDescriptor#Tenth grade,uri://ed-fi.org/GradeLevelDescriptor#Tenth grade,STATE,0,39,uri://ed-fi.org/AssessmentReportingMethodDescriptor#Scale score,uri://ed-fi.org/PerformanceLevelDescriptor#Well Below Basic,40,79,uri://ed-fi.org/AssessmentReportingMethodDescriptor#Scale score,uri://ed-fi.org/PerformanceLevelDescriptor#Below Basic,80,119,uri://ed-fi.org/AssessmentReportingMethodDescriptor#Scale score,uri://ed-fi.org/PerformanceLevelDescriptor#Basic,120,159,uri://ed-fi.org/AssessmentReportingMethodDescriptor#Scale score,uri://ed-fi.org/PerformanceLevelDescriptor#Proficient,160,200,uri://ed-fi.org/AssessmentReportingMethodDescriptor#Scale score,uri://ed-fi.org/PerformanceLevelDescriptor#Advanced,Namespace
TA-STATE-Geometry,STATE Geometry,1,6/1/14 00:00,200,STATE Geometry,uri://ed-fi.org/AssessmentIdentificationSystemDescriptor#State,uri://ed-fi.org/AssessmentCategoryDescriptor#State high school course assessment,uri://ed-fi.org/AcademicSubjectDescriptor#Mathematics,uri://ed-fi.org/GradeLevelDescriptor#Eleventh grade,uri://ed-fi.org/GradeLevelDescriptor#Eleventh grade,STATE,0,39,uri://ed-fi.org/AssessmentReportingMethodDescriptor#Scale score,uri://ed-fi.org/PerformanceLevelDescriptor#Well Below Basic,40,79,uri://ed-fi.org/AssessmentReportingMethodDescriptor#Scale score,uri://ed-fi.org/PerformanceLevelDescriptor#Below Basic,80,119,uri://ed-fi.org/AssessmentReportingMethodDescriptor#Scale score,uri://ed-fi.org/PerformanceLevelDescriptor#Basic,120,159,uri://ed-fi.org/AssessmentReportingMethodDescriptor#Scale score,uri://ed-fi.org/PerformanceLevelDescriptor#Proficient,160,200,uri://ed-fi.org/AssessmentReportingMethodDescriptor#Scale score,uri://ed-fi.org/PerformanceLevelDescriptor#Advanced,Namespace
TA-STATE-Biology,STATE Biology,1,6/1/14 00:00,200,STATE Biology,uri://ed-fi.org/AssessmentIdentificationSystemDescriptor#State,uri://ed-fi.org/AssessmentCategoryDescriptor#State high school course assessment,uri://ed-fi.org/AcademicSubjectDescriptor#Science,uri://ed-fi.org/GradeLevelDescriptor#Tenth grade,uri://ed-fi.org/GradeLevelDescriptor#Tenth grade,STATE,0,39,uri://ed-fi.org/AssessmentReportingMethodDescriptor#Scale score,uri://ed-fi.org/PerformanceLevelDescriptor#Well Below Basic,40,79,uri://ed-fi.org/AssessmentReportingMethodDescriptor#Scale score,uri://ed-fi.org/PerformanceLevelDescriptor#Below Basic,80,119,uri://ed-fi.org/AssessmentReportingMethodDescriptor#Scale score,uri://ed-fi.org/PerformanceLevelDescriptor#Basic,120,159,uri://ed-fi.org/AssessmentReportingMethodDescriptor#Scale score,uri://ed-fi.org/PerformanceLevelDescriptor#Proficient,160,200,uri://ed-fi.org/AssessmentReportingMethodDescriptor#Scale score,uri://ed-fi.org/PerformanceLevelDescriptor#Advanced,Namespace
TA-STATE-Chemistry,STATE Chemistry,1,6/1/14 00:00,200,STATE Chemistry,uri://ed-fi.org/AssessmentIdentificationSystemDescriptor#State,uri://ed-fi.org/AssessmentCategoryDescriptor#State high school course assessment,uri://ed-fi.org/AcademicSubjectDescriptor#Science,uri://ed-fi.org/GradeLevelDescriptor#Eleventh grade,uri://ed-fi.org/GradeLevelDescriptor#Eleventh grade,STATE,0,39,uri://ed-fi.org/AssessmentReportingMethodDescriptor#Scale score,uri://ed-fi.org/PerformanceLevelDescriptor#Well Below Basic,40,79,uri://ed-fi.org/AssessmentReportingMethodDescriptor#Scale score,uri://ed-fi.org/PerformanceLevelDescriptor#Below Basic,80,119,uri://ed-fi.org/AssessmentReportingMethodDescriptor#Scale score,uri://ed-fi.org/PerformanceLevelDescriptor#Basic,120,159,uri://ed-fi.org/AssessmentReportingMethodDescriptor#Scale score,uri://ed-fi.org/PerformanceLevelDescriptor#Proficient,160,200,uri://ed-fi.org/AssessmentReportingMethodDescriptor#Scale score,uri://ed-fi.org/PerformanceLevelDescriptor#Advanced,Namespace
TA-STATE-Physics,STATE Physics,1,6/1/14 00:00,200,STATE Physics,uri://ed-fi.org/AssessmentIdentificationSystemDescriptor#State,uri://ed-fi.org/AssessmentCategoryDescriptor#State high school course assessment,uri://ed-fi.org/AcademicSubjectDescriptor#Science,uri://ed-fi.org/GradeLevelDescriptor#Twelfth grade,uri://ed-fi.org/GradeLevelDescriptor#Twelfth grade,STATE,0,39,uri://ed-fi.org/AssessmentReportingMethodDescriptor#Scale score,uri://ed-fi.org/PerformanceLevelDescriptor#Well Below Basic,40,79,uri://ed-fi.org/AssessmentReportingMethodDescriptor#Scale score,uri://ed-fi.org/PerformanceLevelDescriptor#Below Basic,80,119,uri://ed-fi.org/AssessmentReportingMethodDescriptor#Scale score,uri://ed-fi.org/PerformanceLevelDescriptor#Basic,120,159,uri://ed-fi.org/AssessmentReportingMethodDescriptor#Scale score,uri://ed-fi.org/PerformanceLevelDescriptor#Proficient,160,200,uri://ed-fi.org/AssessmentReportingMethodDescriptor#Scale score,uri://ed-fi.org/PerformanceLevelDescriptor#Advanced,Namespace
TA-STATE-USHistory,STATE US History,1,6/1/14 00:00,200,STATE US History,uri://ed-fi.org/AssessmentIdentificationSystemDescriptor#State,uri://ed-fi.org/AssessmentCategoryDescriptor#State high school course assessment,uri://ed-fi.org/AcademicSubjectDescriptor#Social Sciences and History,uri://ed-fi.org/GradeLevelDescriptor#Eleventh grade,uri://ed-fi.org/GradeLevelDescriptor#Eleventh grade,STATE,0,39,uri://ed-fi.org/AssessmentReportingMethodDescriptor#Scale score,uri://ed-fi.org/PerformanceLevelDescriptor#Well Below Basic,40,79,uri://ed-fi.org/AssessmentReportingMethodDescriptor#Scale score,uri://ed-fi.org/PerformanceLevelDescriptor#Below Basic,80,119,uri://ed-fi.org/AssessmentReportingMethodDescriptor#Scale score,uri://ed-fi.org/PerformanceLevelDescriptor#Basic,120,159,uri://ed-fi.org/AssessmentReportingMethodDescriptor#Scale score,uri://ed-fi.org/PerformanceLevelDescriptor#Proficient,160,200,uri://ed-fi.org/AssessmentReportingMethodDescriptor#Scale score,uri://ed-fi.org/PerformanceLevelDescriptor#Advanced,Namespace
TA-STATE-WorldHistory,STATE World History,1,6/1/14 00:00,200,STATE World History,uri://ed-fi.org/AssessmentIdentificationSystemDescriptor#State,uri://ed-fi.org/AssessmentCategoryDescriptor#State high school course assessment,uri://ed-fi.org/AcademicSubjectDescriptor#Social Sciences and History,uri://ed-fi.org/GradeLevelDescriptor#Tenth grade,uri://ed-fi.org/GradeLevelDescriptor#Tenth grade,STATE,0,39,uri://ed-fi.org/AssessmentReportingMethodDescriptor#Scale score,uri://ed-fi.org/PerformanceLevelDescriptor#Well Below Basic,40,79,uri://ed-fi.org/AssessmentReportingMethodDescriptor#Scale score,uri://ed-fi.org/PerformanceLevelDescriptor#Below Basic,80,119,uri://ed-fi.org/AssessmentReportingMethodDescriptor#Scale score,uri://ed-fi.org/PerformanceLevelDescriptor#Basic,120,159,uri://ed-fi.org/AssessmentReportingMethodDescriptor#Scale score,uri://ed-fi.org/PerformanceLevelDescriptor#Proficient,160,200,uri://ed-fi.org/AssessmentReportingMethodDescriptor#Scale score,uri://ed-fi.org/PerformanceLevelDescriptor#Advanced,Namespace
TA-STATE-WorldGeography,STATE World Geography,1,6/1/14 00:00,200,STATE World Geography,uri://ed-fi.org/AssessmentIdentificationSystemDescriptor#State,uri://ed-fi.org/AssessmentCategoryDescriptor#State high school course assessment,uri://ed-fi.org/AcademicSubjectDescriptor#Social Sciences and History,uri://ed-fi.org/GradeLevelDescriptor#Ninth grade,uri://ed-fi.org/GradeLevelDescriptor#Ninth grade,STATE,0,39,uri://ed-fi.org/AssessmentReportingMethodDescriptor#Scale score,uri://ed-fi.org/PerformanceLevelDescriptor#Well Below Basic,40,79,uri://ed-fi.org/AssessmentReportingMethodDescriptor#Scale score,uri://ed-fi.org/PerformanceLevelDescriptor#Below Basic,80,119,uri://ed-fi.org/AssessmentReportingMethodDescriptor#Scale score,uri://ed-fi.org/PerformanceLevelDescriptor#Basic,120,159,uri://ed-fi.org/AssessmentReportingMethodDescriptor#Scale score,uri://ed-fi.org/PerformanceLevelDescriptor#Proficient,160,200,uri://ed-fi.org/AssessmentReportingMethodDescriptor#Scale score,uri://ed-fi.org/PerformanceLevelDescriptor#Advanced,Namespace